longitude,latitude,precipitation,start_date,end_date
10.050000191765243,43.95000000286217,2.1180685,20230101,20231231
10.150000186040907,43.95000000286217,2.0701096,20230101,20231231
10.250000180316572,43.95000000286217,2.0238218,20230101,20231231
10.350000174592237,43.95000000286217,1.8939862,20230101,20231231
10.450000168867902,43.95000000286217,1.9584794,20230101,20231231
10.550000163143565,43.95000000286217,1.9791918,20230101,20231231
10.65000015741923,43.95000000286217,2.0495205,20230101,20231231
10.750000151694895,43.95000000286217,2.120822,20230101,20231231
10.85000014597056,43.95000000286217,2.2330546,20230101,20231231
10.950000140246225,43.95000000286217,2.2260547,20230101,20231231
11.050000134521888,43.95000000286217,2.1918492,20230101,20231231
11.150000128797553,43.95000000286217,2.2681506,20230101,20231231
11.250000123073217,43.95000000286217,2.2434795,20230101,20231231
11.350000117348882,43.95000000286217,2.1109178,20230101,20231231
11.450000111624547,43.95000000286217,2.2878356,20230101,20231231
11.55000010590021,43.95000000286217,2.2730136,20230101,20231231
11.650000100175875,43.95000000286217,2.2080274,20230101,20231231
11.75000009445154,43.95000000286217,2.1358082,20230101,20231231
11.850000088727205,43.95000000286217,2.190096,20230101,20231231
11.95000008300287,43.95000000286217,2.356493,20230101,20231231
12.050000077278533,43.95000000286217,2.1159725,20230101,20231231
12.150000071554198,43.95000000286217,1.9598355,20230101,20231231
12.250000065829862,43.95000000286217,1.9209315,20230101,20231231
12.350000060105527,43.95000000286217,1.9735205,20230101,20231231
12.450000054381192,43.95000000286217,1.9873972,20230101,20231231
12.550000048656855,43.95000000286217,2.1935067,20230101,20231231
12.65000004293252,43.95000000286217,2.2655342,20230101,20231231
12.750000037208185,43.95000000286217,2.4038355,20230101,20231231
12.85000003148385,43.95000000286217,2.2657123,20230101,20231231
12.950000025759515,43.95000000286217,2.3911917,20230101,20231231
13.050000020035178,43.95000000286217,2.001137,20230101,20231231
13.150000014310843,43.95000000286217,1.9092603,20230101,20231231
13.250000008586508,43.95000000286217,1.9113835,20230101,20231231
13.350000002862172,43.95000000286217,1.9514246,20230101,20231231
13.449999997137837,43.95000000286217,1.9206712,20230101,20231231
13.5499999914135,43.95000000286217,2.095493,20230101,20231231
13.649999985689165,43.95000000286217,2.0682192,20230101,20231231
13.74999997996483,43.95000000286217,2.1781232,20230101,20231231
13.849999974240495,43.95000000286217,2.1348493,20230101,20231231
13.94999996851616,43.95000000286217,2.0974245,20230101,20231231
14.049999962791823,43.95000000286217,2.030589,20230101,20231231
14.14999995706749,43.95000000286217,2.0488904,20230101,20231231
14.249999951343153,43.95000000286217,2.056315,20230101,20231231
14.349999945618817,43.95000000286217,2.037863,20230101,20231231
14.449999939894482,43.95000000286217,1.9796985,20230101,20231231
14.549999934170145,43.95000000286217,1.9895205,20230101,20231231
14.649999928445812,43.95000000286217,2.0507808,20230101,20231231
14.749999922721475,43.95000000286217,2.162685,20230101,20231231
14.84999991699714,43.95000000286217,2.2306576,20230101,20231231
14.949999911272805,43.95000000286217,2.3077672,20230101,20231231
10.050000191765243,43.850000008586505,2.0607123,20230101,20231231
10.150000186040907,43.850000008586505,2.0511234,20230101,20231231
10.250000180316572,43.850000008586505,1.992452,20230101,20231231
10.350000174592237,43.850000008586505,1.8762603,20230101,20231231
10.450000168867902,43.850000008586505,1.7950274,20230101,20231231
10.550000163143565,43.850000008586505,1.8327807,20230101,20231231
10.65000015741923,43.850000008586505,2.0005069,20230101,20231231
10.750000151694895,43.850000008586505,2.002315,20230101,20231231
10.85000014597056,43.850000008586505,2.1633973,20230101,20231231
10.950000140246225,43.850000008586505,2.1165068,20230101,20231231
11.050000134521888,43.850000008586505,1.98,20230101,20231231
11.150000128797553,43.850000008586505,2.0210412,20230101,20231231
11.250000123073217,43.850000008586505,2.105315,20230101,20231231
11.350000117348882,43.850000008586505,2.0983973,20230101,20231231
11.450000111624547,43.850000008586505,2.1477535,20230101,20231231
11.55000010590021,43.850000008586505,2.304,20230101,20231231
11.650000100175875,43.850000008586505,2.3385205,20230101,20231231
11.75000009445154,43.850000008586505,2.3446438,20230101,20231231
11.850000088727205,43.850000008586505,2.307671,20230101,20231231
11.95000008300287,43.850000008586505,2.4204793,20230101,20231231
12.050000077278533,43.850000008586505,2.3890822,20230101,20231231
12.150000071554198,43.850000008586505,2.3147807,20230101,20231231
12.250000065829862,43.850000008586505,2.1463974,20230101,20231231
12.350000060105527,43.850000008586505,2.1221917,20230101,20231231
12.450000054381192,43.850000008586505,1.9792192,20230101,20231231
12.550000048656855,43.850000008586505,2.1043015,20230101,20231231
12.65000004293252,43.850000008586505,2.175,20230101,20231231
12.750000037208185,43.850000008586505,2.217548,20230101,20231231
12.85000003148385,43.850000008586505,2.2625206,20230101,20231231
12.950000025759515,43.850000008586505,2.377822,20230101,20231231
13.050000020035178,43.850000008586505,2.4439588,20230101,20231231
13.150000014310843,43.850000008586505,2.2567945,20230101,20231231
13.250000008586508,43.850000008586505,2.1655478,20230101,20231231
13.350000002862172,43.850000008586505,2.0444658,20230101,20231231
13.449999997137837,43.850000008586505,2.0965478,20230101,20231231
13.5499999914135,43.850000008586505,2.0513973,20230101,20231231
13.649999985689165,43.850000008586505,2.217507,20230101,20231231
13.74999997996483,43.850000008586505,2.2108493,20230101,20231231
13.849999974240495,43.850000008586505,2.0896301,20230101,20231231
13.94999996851616,43.850000008586505,2.0514657,20230101,20231231
14.049999962791823,43.850000008586505,2.0633836,20230101,20231231
14.14999995706749,43.850000008586505,2.0627809,20230101,20231231
14.249999951343153,43.850000008586505,2.036041,20230101,20231231
14.349999945618817,43.850000008586505,1.987137,20230101,20231231
14.449999939894482,43.850000008586505,1.9685616,20230101,20231231
14.549999934170145,43.850000008586505,1.9726849,20230101,20231231
14.649999928445812,43.850000008586505,1.9781369,20230101,20231231
14.749999922721475,43.850000008586505,2.1161096,20230101,20231231
14.84999991699714,43.850000008586505,2.159904,20230101,20231231
14.949999911272805,43.850000008586505,2.2186575,20230101,20231231
10.050000191765243,43.750000014310835,2.1586027,20230101,20231231
10.150000186040907,43.750000014310835,1.886041,20230101,20231231
10.250000180316572,43.750000014310835,2.0084383,20230101,20231231
10.350000174592237,43.750000014310835,1.8878356,20230101,20231231
10.450000168867902,43.750000014310835,1.8636026,20230101,20231231
10.550000163143565,43.750000014310835,1.8668082,20230101,20231231
10.65000015741923,43.750000014310835,1.9442877,20230101,20231231
10.750000151694895,43.750000014310835,1.9825342,20230101,20231231
10.85000014597056,43.750000014310835,1.941589,20230101,20231231
10.950000140246225,43.750000014310835,1.9250548,20230101,20231231
11.050000134521888,43.750000014310835,1.9690821,20230101,20231231
11.150000128797553,43.750000014310835,2.0508766,20230101,20231231
11.250000123073217,43.750000014310835,2.0585754,20230101,20231231
11.350000117348882,43.750000014310835,2.1147945,20230101,20231231
11.450000111624547,43.750000014310835,2.2098494,20230101,20231231
11.55000010590021,43.750000014310835,2.6765068,20230101,20231231
11.650000100175875,43.750000014310835,2.7922053,20230101,20231231
11.75000009445154,43.750000014310835,2.6865342,20230101,20231231
11.850000088727205,43.750000014310835,2.6432464,20230101,20231231
11.95000008300287,43.750000014310835,2.5645616,20230101,20231231
12.050000077278533,43.750000014310835,2.382315,20230101,20231231
12.150000071554198,43.750000014310835,2.3629315,20230101,20231231
12.250000065829862,43.750000014310835,2.3047945,20230101,20231231
12.350000060105527,43.750000014310835,2.2345753,20230101,20231231
12.450000054381192,43.750000014310835,2.1287944,20230101,20231231
12.550000048656855,43.750000014310835,2.1606438,20230101,20231231
12.65000004293252,43.750000014310835,2.199315,20230101,20231231
12.750000037208185,43.750000014310835,2.200589,20230101,20231231
12.85000003148385,43.750000014310835,2.164315,20230101,20231231
12.950000025759515,43.750000014310835,2.2410822,20230101,20231231
13.050000020035178,43.750000014310835,2.3639314,20230101,20231231
13.150000014310843,43.750000014310835,2.393548,20230101,20231231
13.250000008586508,43.750000014310835,2.343904,20230101,20231231
13.350000002862172,43.750000014310835,2.3301096,20230101,20231231
13.449999997137837,43.750000014310835,2.3681233,20230101,20231231
13.5499999914135,43.750000014310835,2.2992601,20230101,20231231
13.649999985689165,43.750000014310835,2.4434109,20230101,20231231
13.74999997996483,43.750000014310835,2.4076164,20230101,20231231
13.849999974240495,43.750000014310835,2.3002877,20230101,20231231
13.94999996851616,43.750000014310835,2.220082,20230101,20231231
14.049999962791823,43.750000014310835,2.2452602,20230101,20231231
14.14999995706749,43.750000014310835,2.1086712,20230101,20231231
14.249999951343153,43.750000014310835,2.1062603,20230101,20231231
14.349999945618817,43.750000014310835,1.9735342,20230101,20231231
14.449999939894482,43.750000014310835,1.9302876,20230101,20231231
14.549999934170145,43.750000014310835,1.8580136,20230101,20231231
14.649999928445812,43.750000014310835,1.8309588,20230101,20231231
14.749999922721475,43.750000014310835,1.8284794,20230101,20231231
14.84999991699714,43.750000014310835,1.9294384,20230101,20231231
14.949999911272805,43.750000014310835,1.8736986,20230101,20231231
10.050000191765243,43.65000002003517,2.0867944,20230101,20231231
10.150000186040907,43.65000002003517,2.0196712,20230101,20231231
10.250000180316572,43.65000002003517,2.0529861,20230101,20231231
10.350000174592237,43.65000002003517,1.9978355,20230101,20231231
10.450000168867902,43.65000002003517,2.001041,20230101,20231231
10.550000163143565,43.65000002003517,1.9890274,20230101,20231231
10.65000015741923,43.65000002003517,1.9884245,20230101,20231231
10.750000151694895,43.65000002003517,1.9270822,20230101,20231231
10.85000014597056,43.65000002003517,1.8146712,20230101,20231231
10.950000140246225,43.65000002003517,1.8771232,20230101,20231231
11.050000134521888,43.65000002003517,1.9238492,20230101,20231231
11.150000128797553,43.65000002003517,2.0547671,20230101,20231231
11.250000123073217,43.65000002003517,2.0744932,20230101,20231231
11.350000117348882,43.65000002003517,2.219452,20230101,20231231
11.450000111624547,43.65000002003517,2.4223423,20230101,20231231
11.55000010590021,43.65000002003517,2.587411,20230101,20231231
11.650000100175875,43.65000002003517,2.6383288,20230101,20231231
11.75000009445154,43.65000002003517,2.5919313,20230101,20231231
11.850000088727205,43.65000002003517,2.6176848,20230101,20231231
11.95000008300287,43.65000002003517,2.533411,20230101,20231231
12.050000077278533,43.65000002003517,2.4037945,20230101,20231231
12.150000071554198,43.65000002003517,2.369041,20230101,20231231
12.250000065829862,43.65000002003517,2.2984247,20230101,20231231
12.350000060105527,43.65000002003517,2.281397,20230101,20231231
12.450000054381192,43.65000002003517,2.2729998,20230101,20231231
12.550000048656855,43.65000002003517,2.323274,20230101,20231231
12.65000004293252,43.65000002003517,2.1680274,20230101,20231231
12.750000037208185,43.65000002003517,2.232356,20230101,20231231
12.85000003148385,43.65000002003517,2.1006439,20230101,20231231
12.950000025759515,43.65000002003517,2.1325343,20230101,20231231
13.050000020035178,43.65000002003517,2.1819177,20230101,20231231
13.150000014310843,43.65000002003517,2.268397,20230101,20231231
13.250000008586508,43.65000002003517,2.3788493,20230101,20231231
13.350000002862172,43.65000002003517,2.5595343,20230101,20231231
13.449999997137837,43.65000002003517,2.7846985,20230101,20231231
13.5499999914135,43.65000002003517,2.518548,20230101,20231231
13.649999985689165,43.65000002003517,2.6649587,20230101,20231231
13.74999997996483,43.65000002003517,2.556178,20230101,20231231
13.849999974240495,43.65000002003517,2.4629178,20230101,20231231
13.94999996851616,43.65000002003517,2.439041,20230101,20231231
14.049999962791823,43.65000002003517,2.358274,20230101,20231231
14.14999995706749,43.65000002003517,2.206589,20230101,20231231
14.249999951343153,43.65000002003517,2.0394657,20230101,20231231
14.349999945618817,43.65000002003517,1.9373013,20230101,20231231
14.449999939894482,43.65000002003517,1.8296849,20230101,20231231
14.549999934170145,43.65000002003517,1.7648356,20230101,20231231
14.649999928445812,43.65000002003517,1.7458904,20230101,20231231
14.749999922721475,43.65000002003517,1.6374383,20230101,20231231
14.84999991699714,43.65000002003517,1.6660547,20230101,20231231
14.949999911272805,43.65000002003517,1.7507397,20230101,20231231
10.050000191765243,43.55000002575951,1.7773561,20230101,20231231
10.150000186040907,43.55000002575951,1.7986027,20230101,20231231
10.250000180316572,43.55000002575951,1.8061095,20230101,20231231
10.350000174592237,43.55000002575951,1.9779725,20230101,20231231
10.450000168867902,43.55000002575951,2.0626302,20230101,20231231
10.550000163143565,43.55000002575951,1.9466164,20230101,20231231
10.65000015741923,43.55000002575951,2.0856028,20230101,20231231
10.750000151694895,43.55000002575951,1.9733013,20230101,20231231
10.85000014597056,43.55000002575951,2.0345204,20230101,20231231
10.950000140246225,43.55000002575951,2.1148767,20230101,20231231
11.050000134521888,43.55000002575951,2.018356,20230101,20231231
11.150000128797553,43.55000002575951,2.1062603,20230101,20231231
11.250000123073217,43.55000002575951,2.3053424,20230101,20231231
11.350000117348882,43.55000002575951,2.4392877,20230101,20231231
11.450000111624547,43.55000002575951,2.572274,20230101,20231231
11.55000010590021,43.55000002575951,2.4757946,20230101,20231231
11.650000100175875,43.55000002575951,2.5127535,20230101,20231231
11.75000009445154,43.55000002575951,2.4141643,20230101,20231231
11.850000088727205,43.55000002575951,2.5243425,20230101,20231231
11.95000008300287,43.55000002575951,2.3404658,20230101,20231231
12.050000077278533,43.55000002575951,2.5135617,20230101,20231231
12.150000071554198,43.55000002575951,2.4272466,20230101,20231231
12.250000065829862,43.55000002575951,2.3804657,20230101,20231231
12.350000060105527,43.55000002575951,2.3419862,20230101,20231231
12.450000054381192,43.55000002575951,2.4395616,20230101,20231231
12.550000048656855,43.55000002575951,2.324767,20230101,20231231
12.65000004293252,43.55000002575951,2.1952329,20230101,20231231
12.750000037208185,43.55000002575951,2.2036574,20230101,20231231
12.85000003148385,43.55000002575951,2.1092875,20230101,20231231
12.950000025759515,43.55000002575951,2.1272466,20230101,20231231
13.050000020035178,43.55000002575951,2.2666438,20230101,20231231
13.150000014310843,43.55000002575951,2.2593014,20230101,20231231
13.250000008586508,43.55000002575951,2.3346164,20230101,20231231
13.350000002862172,43.55000002575951,2.563411,20230101,20231231
13.449999997137837,43.55000002575951,2.7638628,20230101,20231231
13.5499999914135,43.55000002575951,2.7582877,20230101,20231231
13.649999985689165,43.55000002575951,2.7466986,20230101,20231231
13.74999997996483,43.55000002575951,2.6685753,20230101,20231231
13.849999974240495,43.55000002575951,2.5971644,20230101,20231231
13.94999996851616,43.55000002575951,2.3848493,20230101,20231231
14.049999962791823,43.55000002575951,2.2719178,20230101,20231231
14.14999995706749,43.55000002575951,2.1395068,20230101,20231231
14.249999951343153,43.55000002575951,2.0519862,20230101,20231231
14.349999945618817,43.55000002575951,1.9712876,20230101,20231231
14.449999939894482,43.55000002575951,1.8597534,20230101,20231231
14.549999934170145,43.55000002575951,1.7514383,20230101,20231231
14.649999928445812,43.55000002575951,1.6823561,20230101,20231231
14.749999922721475,43.55000002575951,1.6581918,20230101,20231231
14.84999991699714,43.55000002575951,1.6467123,20230101,20231231
14.949999911272805,43.55000002575951,1.6434246,20230101,20231231
10.050000191765243,43.450000031483846,1.7764657,20230101,20231231
10.150000186040907,43.450000031483846,1.9572054,20230101,20231231
10.250000180316572,43.450000031483846,2.0585067,20230101,20231231
10.350000174592237,43.450000031483846,2.1350958,20230101,20231231
10.450000168867902,43.450000031483846,2.0618494,20230101,20231231
10.550000163143565,43.450000031483846,1.9953425,20230101,20231231
10.65000015741923,43.450000031483846,2.1110685,20230101,20231231
10.750000151694895,43.450000031483846,2.112904,20230101,20231231
10.85000014597056,43.450000031483846,1.9939725,20230101,20231231
10.950000140246225,43.450000031483846,2.069356,20230101,20231231
11.050000134521888,43.450000031483846,1.9619863,20230101,20231231
11.150000128797553,43.450000031483846,1.8886986,20230101,20231231
11.250000123073217,43.450000031483846,1.875137,20230101,20231231
11.350000117348882,43.450000031483846,2.050411,20230101,20231231
11.450000111624547,43.450000031483846,2.1499314,20230101,20231231
11.55000010590021,43.450000031483846,2.200726,20230101,20231231
11.650000100175875,43.450000031483846,2.3869178,20230101,20231231
11.75000009445154,43.450000031483846,2.4090958,20230101,20231231
11.850000088727205,43.450000031483846,2.496685,20230101,20231231
11.95000008300287,43.450000031483846,2.608959,20230101,20231231
12.050000077278533,43.450000031483846,2.4427533,20230101,20231231
12.150000071554198,43.450000031483846,2.3376713,20230101,20231231
12.250000065829862,43.450000031483846,2.3465343,20230101,20231231
12.350000060105527,43.450000031483846,2.4143698,20230101,20231231
12.450000054381192,43.450000031483846,2.3152192,20230101,20231231
12.550000048656855,43.450000031483846,2.2237535,20230101,20231231
12.65000004293252,43.450000031483846,2.2726164,20230101,20231231
12.750000037208185,43.450000031483846,2.406726,20230101,20231231
12.85000003148385,43.450000031483846,2.379726,20230101,20231231
12.950000025759515,43.450000031483846,2.409685,20230101,20231231
13.050000020035178,43.450000031483846,2.3260548,20230101,20231231
13.150000014310843,43.450000031483846,2.3255343,20230101,20231231
13.250000008586508,43.450000031483846,2.3178766,20230101,20231231
13.350000002862172,43.450000031483846,2.3326986,20230101,20231231
13.449999997137837,43.450000031483846,2.4619725,20230101,20231231
13.5499999914135,43.450000031483846,2.4795206,20230101,20231231
13.649999985689165,43.450000031483846,2.5909863,20230101,20231231
13.74999997996483,43.450000031483846,2.5638082,20230101,20231231
13.849999974240495,43.450000031483846,2.3279727,20230101,20231231
13.94999996851616,43.450000031483846,2.221452,20230101,20231231
14.049999962791823,43.450000031483846,2.2086165,20230101,20231231
14.14999995706749,43.450000031483846,2.144356,20230101,20231231
14.249999951343153,43.450000031483846,1.9998629,20230101,20231231
14.349999945618817,43.450000031483846,1.9545753,20230101,20231231
14.449999939894482,43.450000031483846,1.8103697,20230101,20231231
14.549999934170145,43.450000031483846,1.8656301,20230101,20231231
14.649999928445812,43.450000031483846,1.8402466,20230101,20231231
14.749999922721475,43.450000031483846,1.7620821,20230101,20231231
14.84999991699714,43.450000031483846,1.689863,20230101,20231231
14.949999911272805,43.450000031483846,1.5915205,20230101,20231231
10.050000191765243,43.35000003720818,1.8350136,20230101,20231231
10.150000186040907,43.35000003720818,1.9254931,20230101,20231231
10.250000180316572,43.35000003720818,2.0583286,20230101,20231231
10.350000174592237,43.35000003720818,1.8955342,20230101,20231231
10.450000168867902,43.35000003720818,2.131493,20230101,20231231
10.550000163143565,43.35000003720818,1.9479725,20230101,20231231
10.65000015741923,43.35000003720818,1.9237534,20230101,20231231
10.750000151694895,43.35000003720818,1.9381781,20230101,20231231
10.85000014597056,43.35000003720818,1.9535068,20230101,20231231
10.950000140246225,43.35000003720818,1.9154246,20230101,20231231
11.050000134521888,43.35000003720818,1.8520958,20230101,20231231
11.150000128797553,43.35000003720818,1.8233424,20230101,20231231
11.250000123073217,43.35000003720818,1.8297534,20230101,20231231
11.350000117348882,43.35000003720818,1.779315,20230101,20231231
11.450000111624547,43.35000003720818,1.7904109,20230101,20231231
11.55000010590021,43.35000003720818,2.085041,20230101,20231231
11.650000100175875,43.35000003720818,2.351096,20230101,20231231
11.75000009445154,43.35000003720818,2.4408903,20230101,20231231
11.850000088727205,43.35000003720818,2.5675752,20230101,20231231
11.95000008300287,43.35000003720818,2.8555617,20230101,20231231
12.050000077278533,43.35000003720818,2.605452,20230101,20231231
12.150000071554198,43.35000003720818,2.4630547,20230101,20231231
12.250000065829862,43.35000003720818,2.3988082,20230101,20231231
12.350000060105527,43.35000003720818,2.293178,20230101,20231231
12.450000054381192,43.35000003720818,2.3596985,20230101,20231231
12.550000048656855,43.35000003720818,2.4688218,20230101,20231231
12.65000004293252,43.35000003720818,2.547671,20230101,20231231
12.750000037208185,43.35000003720818,2.5493834,20230101,20231231
12.85000003148385,43.35000003720818,2.6566026,20230101,20231231
12.950000025759515,43.35000003720818,2.5112877,20230101,20231231
13.050000020035178,43.35000003720818,2.478904,20230101,20231231
13.150000014310843,43.35000003720818,2.2004657,20230101,20231231
13.250000008586508,43.35000003720818,2.2387533,20230101,20231231
13.350000002862172,43.35000003720818,2.3296301,20230101,20231231
13.449999997137837,43.35000003720818,2.3685343,20230101,20231231
13.5499999914135,43.35000003720818,2.320219,20230101,20231231
13.649999985689165,43.35000003720818,2.3432739,20230101,20231231
13.74999997996483,43.35000003720818,2.5569725,20230101,20231231
13.849999974240495,43.35000003720818,2.4545343,20230101,20231231
13.94999996851616,43.35000003720818,2.1396437,20230101,20231231
14.049999962791823,43.35000003720818,2.2329314,20230101,20231231
14.14999995706749,43.35000003720818,2.0786848,20230101,20231231
14.249999951343153,43.35000003720818,2.014685,20230101,20231231
14.349999945618817,43.35000003720818,1.907863,20230101,20231231
14.449999939894482,43.35000003720818,1.8083699,20230101,20231231
14.549999934170145,43.35000003720818,1.750315,20230101,20231231
14.649999928445812,43.35000003720818,1.8048767,20230101,20231231
14.749999922721475,43.35000003720818,1.727315,20230101,20231231
14.84999991699714,43.35000003720818,1.7024384,20230101,20231231
14.949999911272805,43.35000003720818,1.6158081,20230101,20231231
10.050000191765243,43.25000004293251,1.5886438,20230101,20231231
10.150000186040907,43.25000004293251,1.7529315,20230101,20231231
10.250000180316572,43.25000004293251,1.9141506,20230101,20231231
10.350000174592237,43.25000004293251,2.0605888,20230101,20231231
10.450000168867902,43.25000004293251,2.0477533,20230101,20231231
10.550000163143565,43.25000004293251,1.970767,20230101,20231231
10.65000015741923,43.25000004293251,1.8476986,20230101,20231231
10.750000151694895,43.25000004293251,1.8284931,20230101,20231231
10.85000014597056,43.25000004293251,1.7680821,20230101,20231231
10.950000140246225,43.25000004293251,1.8051095,20230101,20231231
11.050000134521888,43.25000004293251,1.7585753,20230101,20231231
11.150000128797553,43.25000004293251,1.7388082,20230101,20231231
11.250000123073217,43.25000004293251,1.8447945,20230101,20231231
11.350000117348882,43.25000004293251,1.7764109,20230101,20231231
11.450000111624547,43.25000004293251,1.7286712,20230101,20231231
11.55000010590021,43.25000004293251,1.9132055,20230101,20231231
11.650000100175875,43.25000004293251,2.1246986,20230101,20231231
11.75000009445154,43.25000004293251,2.1717396,20230101,20231231
11.850000088727205,43.25000004293251,2.2781506,20230101,20231231
11.95000008300287,43.25000004293251,2.4434793,20230101,20231231
12.050000077278533,43.25000004293251,2.402411,20230101,20231231
12.150000071554198,43.25000004293251,2.3207533,20230101,20231231
12.250000065829862,43.25000004293251,2.3409588,20230101,20231231
12.350000060105527,43.25000004293251,2.3622465,20230101,20231231
12.450000054381192,43.25000004293251,2.3361096,20230101,20231231
12.550000048656855,43.25000004293251,2.6224384,20230101,20231231
12.65000004293252,43.25000004293251,2.7812054,20230101,20231231
12.750000037208185,43.25000004293251,2.8858767,20230101,20231231
12.85000003148385,43.25000004293251,3.001411,20230101,20231231
12.950000025759515,43.25000004293251,2.9372466,20230101,20231231
13.050000020035178,43.25000004293251,2.7319589,20230101,20231231
13.150000014310843,43.25000004293251,2.523041,20230101,20231231
13.250000008586508,43.25000004293251,2.4916437,20230101,20231231
13.350000002862172,43.25000004293251,2.5065753,20230101,20231231
13.449999997137837,43.25000004293251,2.2905478,20230101,20231231
13.5499999914135,43.25000004293251,2.2455206,20230101,20231231
13.649999985689165,43.25000004293251,2.2951782,20230101,20231231
13.74999997996483,43.25000004293251,2.4422603,20230101,20231231
13.849999974240495,43.25000004293251,2.2433972,20230101,20231231
13.94999996851616,43.25000004293251,2.0205204,20230101,20231231
14.049999962791823,43.25000004293251,2.0139315,20230101,20231231
14.14999995706749,43.25000004293251,1.9756575,20230101,20231231
14.249999951343153,43.25000004293251,2.0085616,20230101,20231231
14.349999945618817,43.25000004293251,1.9295068,20230101,20231231
14.449999939894482,43.25000004293251,1.7542055,20230101,20231231
14.549999934170145,43.25000004293251,1.7929041,20230101,20231231
14.649999928445812,43.25000004293251,1.6312466,20230101,20231231
14.749999922721475,43.25000004293251,1.6947534,20230101,20231231
14.84999991699714,43.25000004293251,1.7091507,20230101,20231231
14.949999911272805,43.25000004293251,1.5615479,20230101,20231231
10.050000191765243,43.15000004865685,1.4554794,20230101,20231231
10.150000186040907,43.15000004865685,1.5743561,20230101,20231231
10.250000180316572,43.15000004865685,1.7456301,20230101,20231231
10.350000174592237,43.15000004865685,1.8286438,20230101,20231231
10.450000168867902,43.15000004865685,1.7836713,20230101,20231231
10.550000163143565,43.15000004865685,1.8308904,20230101,20231231
10.65000015741923,43.15000004865685,1.7197945,20230101,20231231
10.750000151694895,43.15000004865685,1.8163972,20230101,20231231
10.85000014597056,43.15000004865685,1.8444657,20230101,20231231
10.950000140246225,43.15000004865685,1.7649589,20230101,20231231
11.050000134521888,43.15000004865685,1.7869452,20230101,20231231
11.150000128797553,43.15000004865685,1.7850958,20230101,20231231
11.250000123073217,43.15000004865685,1.7401644,20230101,20231231
11.350000117348882,43.15000004865685,1.8030274,20230101,20231231
11.450000111624547,43.15000004865685,1.8625753,20230101,20231231
11.55000010590021,43.15000004865685,1.9243835,20230101,20231231
11.650000100175875,43.15000004865685,2.025767,20230101,20231231
11.75000009445154,43.15000004865685,2.0161507,20230101,20231231
11.850000088727205,43.15000004865685,2.1666028,20230101,20231231
11.95000008300287,43.15000004865685,2.3895617,20230101,20231231
12.050000077278533,43.15000004865685,2.4035203,20230101,20231231
12.150000071554198,43.15000004865685,2.3267398,20230101,20231231
12.250000065829862,43.15000004865685,2.516548,20230101,20231231
12.350000060105527,43.15000004865685,2.3551369,20230101,20231231
12.450000054381192,43.15000004865685,2.461945,20230101,20231231
12.550000048656855,43.15000004865685,2.7071917,20230101,20231231
12.65000004293252,43.15000004865685,2.7835069,20230101,20231231
12.750000037208185,43.15000004865685,2.9551232,20230101,20231231
12.85000003148385,43.15000004865685,3.3478081,20230101,20231231
12.950000025759515,43.15000004865685,3.1192877,20230101,20231231
13.050000020035178,43.15000004865685,2.7032876,20230101,20231231
13.150000014310843,43.15000004865685,2.6103835,20230101,20231231
13.250000008586508,43.15000004865685,2.4707808,20230101,20231231
13.350000002862172,43.15000004865685,2.5103288,20230101,20231231
13.449999997137837,43.15000004865685,2.3679588,20230101,20231231
13.5499999914135,43.15000004865685,2.1165617,20230101,20231231
13.649999985689165,43.15000004865685,2.1649861,20230101,20231231
13.74999997996483,43.15000004865685,2.3668356,20230101,20231231
13.849999974240495,43.15000004865685,2.420356,20230101,20231231
13.94999996851616,43.15000004865685,1.9257945,20230101,20231231
14.049999962791823,43.15000004865685,2.0160546,20230101,20231231
14.14999995706749,43.15000004865685,2.0461643,20230101,20231231
14.249999951343153,43.15000004865685,2.1134245,20230101,20231231
14.349999945618817,43.15000004865685,2.3150272,20230101,20231231
14.449999939894482,43.15000004865685,1.9205068,20230101,20231231
14.549999934170145,43.15000004865685,1.7794521,20230101,20231231
14.649999928445812,43.15000004865685,1.6870685,20230101,20231231
14.749999922721475,43.15000004865685,1.5951917,20230101,20231231
14.84999991699714,43.15000004865685,1.5842192,20230101,20231231
14.949999911272805,43.15000004865685,1.5693561,20230101,20231231
10.050000191765243,43.05000005438119,1.4375753,20230101,20231231
10.150000186040907,43.05000005438119,1.5965478,20230101,20231231
10.250000180316572,43.05000005438119,1.693904,20230101,20231231
10.350000174592237,43.05000005438119,1.861589,20230101,20231231
10.450000168867902,43.05000005438119,1.7556438,20230101,20231231
10.550000163143565,43.05000005438119,1.7441095,20230101,20231231
10.65000015741923,43.05000005438119,1.618863,20230101,20231231
10.750000151694895,43.05000005438119,1.6391232,20230101,20231231
10.85000014597056,43.05000005438119,1.7766849,20230101,20231231
10.950000140246225,43.05000005438119,1.7496849,20230101,20231231
11.050000134521888,43.05000005438119,1.6915342,20230101,20231231
11.150000128797553,43.05000005438119,1.7271644,20230101,20231231
11.250000123073217,43.05000005438119,1.7388904,20230101,20231231
11.350000117348882,43.05000005438119,1.7986164,20230101,20231231
11.450000111624547,43.05000005438119,1.9073287,20230101,20231231
11.55000010590021,43.05000005438119,2.0234795,20230101,20231231
11.650000100175875,43.05000005438119,2.0101233,20230101,20231231
11.75000009445154,43.05000005438119,1.9302055,20230101,20231231
11.850000088727205,43.05000005438119,2.0285752,20230101,20231231
11.95000008300287,43.05000005438119,2.2655754,20230101,20231231
12.050000077278533,43.05000005438119,2.349041,20230101,20231231
12.150000071554198,43.05000005438119,2.2877946,20230101,20231231
12.250000065829862,43.05000005438119,2.3070273,20230101,20231231
12.350000060105527,43.05000005438119,2.2456439,20230101,20231231
12.450000054381192,43.05000005438119,2.2024384,20230101,20231231
12.550000048656855,43.05000005438119,2.5413423,20230101,20231231
12.65000004293252,43.05000005438119,2.7481506,20230101,20231231
12.750000037208185,43.05000005438119,2.9525342,20230101,20231231
12.85000003148385,43.05000005438119,3.2324383,20230101,20231231
12.950000025759515,43.05000005438119,3.1583562,20230101,20231231
13.050000020035178,43.05000005438119,3.0417123,20230101,20231231
13.150000014310843,43.05000005438119,3.0025616,20230101,20231231
13.250000008586508,43.05000005438119,2.7365205,20230101,20231231
13.350000002862172,43.05000005438119,2.4494932,20230101,20231231
13.449999997137837,43.05000005438119,2.4106574,20230101,20231231
13.5499999914135,43.05000005438119,2.2140274,20230101,20231231
13.649999985689165,43.05000005438119,2.1190958,20230101,20231231
13.74999997996483,43.05000005438119,2.1177123,20230101,20231231
13.849999974240495,43.05000005438119,2.336233,20230101,20231231
13.94999996851616,43.05000005438119,2.1446712,20230101,20231231
14.049999962791823,43.05000005438119,1.9026027,20230101,20231231
14.14999995706749,43.05000005438119,1.9603287,20230101,20231231
14.249999951343153,43.05000005438119,2.0142603,20230101,20231231
14.349999945618817,43.05000005438119,1.9224657,20230101,20231231
14.449999939894482,43.05000005438119,1.982,20230101,20231231
14.549999934170145,43.05000005438119,1.8086164,20230101,20231231
14.649999928445812,43.05000005438119,1.7030684,20230101,20231231
14.749999922721475,43.05000005438119,1.5518904,20230101,20231231
14.84999991699714,43.05000005438119,1.596863,20230101,20231231
14.949999911272805,43.05000005438119,1.5373287,20230101,20231231
10.050000191765243,42.95000006010552,1.5079862,20230101,20231231
10.150000186040907,42.95000006010552,1.6782328,20230101,20231231
10.250000180316572,42.95000006010552,1.7460685,20230101,20231231
10.350000174592237,42.95000006010552,1.7022191,20230101,20231231
10.450000168867902,42.95000006010552,1.5287945,20230101,20231231
10.550000163143565,42.95000006010552,1.7470274,20230101,20231231
10.65000015741923,42.95000006010552,1.6697807,20230101,20231231
10.750000151694895,42.95000006010552,1.6421918,20230101,20231231
10.85000014597056,42.95000006010552,1.6294246,20230101,20231231
10.950000140246225,42.95000006010552,1.4973835,20230101,20231231
11.050000134521888,42.95000006010552,1.6337808,20230101,20231231
11.150000128797553,42.95000006010552,1.6485205,20230101,20231231
11.250000123073217,42.95000006010552,1.6095068,20230101,20231231
11.350000117348882,42.95000006010552,1.6819315,20230101,20231231
11.450000111624547,42.95000006010552,1.781589,20230101,20231231
11.55000010590021,42.95000006010552,1.9178082,20230101,20231231
11.650000100175875,42.95000006010552,1.9024931,20230101,20231231
11.75000009445154,42.95000006010552,1.9180958,20230101,20231231
11.850000088727205,42.95000006010552,1.9494383,20230101,20231231
11.95000008300287,42.95000006010552,1.948315,20230101,20231231
12.050000077278533,42.95000006010552,2.224,20230101,20231231
12.150000071554198,42.95000006010552,2.125452,20230101,20231231
12.250000065829862,42.95000006010552,2.1314108,20230101,20231231
12.350000060105527,42.95000006010552,2.0951917,20230101,20231231
12.450000054381192,42.95000006010552,2.3448493,20230101,20231231
12.550000048656855,42.95000006010552,2.5461507,20230101,20231231
12.65000004293252,42.95000006010552,2.8178492,20230101,20231231
12.750000037208185,42.95000006010552,3.3152602,20230101,20231231
12.85000003148385,42.95000006010552,3.4282055,20230101,20231231
12.950000025759515,42.95000006010552,3.3470683,20230101,20231231
13.050000020035178,42.95000006010552,3.3981507,20230101,20231231
13.150000014310843,42.95000006010552,3.183863,20230101,20231231
13.250000008586508,42.95000006010552,2.9913151,20230101,20231231
13.350000002862172,42.95000006010552,2.8203971,20230101,20231231
13.449999997137837,42.95000006010552,2.761863,20230101,20231231
13.5499999914135,42.95000006010552,2.439863,20230101,20231231
13.649999985689165,42.95000006010552,2.324137,20230101,20231231
13.74999997996483,42.95000006010552,2.2187397,20230101,20231231
13.849999974240495,42.95000006010552,2.3578765,20230101,20231231
13.94999996851616,42.95000006010552,2.2088218,20230101,20231231
14.049999962791823,42.95000006010552,1.8286986,20230101,20231231
14.14999995706749,42.95000006010552,1.7908493,20230101,20231231
14.249999951343153,42.95000006010552,1.8760685,20230101,20231231
14.349999945618817,42.95000006010552,1.8767807,20230101,20231231
14.449999939894482,42.95000006010552,1.9105616,20230101,20231231
14.549999934170145,42.95000006010552,1.7882465,20230101,20231231
14.649999928445812,42.95000006010552,1.6049589,20230101,20231231
14.749999922721475,42.95000006010552,1.4449178,20230101,20231231
14.84999991699714,42.95000006010552,1.4513698,20230101,20231231
14.949999911272805,42.95000006010552,1.4754246,20230101,20231231
10.050000191765243,42.85000006582986,1.6740822,20230101,20231231
10.150000186040907,42.85000006582986,1.9122329,20230101,20231231
10.250000180316572,42.85000006582986,1.9121506,20230101,20231231
10.350000174592237,42.85000006582986,1.8423561,20230101,20231231
10.450000168867902,42.85000006582986,1.7037396,20230101,20231231
10.550000163143565,42.85000006582986,1.4561507,20230101,20231231
10.65000015741923,42.85000006582986,1.6557808,20230101,20231231
10.750000151694895,42.85000006582986,1.7287533,20230101,20231231
10.85000014597056,42.85000006582986,1.6183698,20230101,20231231
10.950000140246225,42.85000006582986,1.5858082,20230101,20231231
11.050000134521888,42.85000006582986,1.697137,20230101,20231231
11.150000128797553,42.85000006582986,1.7063699,20230101,20231231
11.250000123073217,42.85000006582986,1.7573013,20230101,20231231
11.350000117348882,42.85000006582986,1.6429589,20230101,20231231
11.450000111624547,42.85000006582986,1.6320685,20230101,20231231
11.55000010590021,42.85000006582986,1.7579863,20230101,20231231
11.650000100175875,42.85000006582986,1.7853425,20230101,20231231
11.75000009445154,42.85000006582986,1.8261507,20230101,20231231
11.850000088727205,42.85000006582986,1.7373698,20230101,20231231
11.95000008300287,42.85000006582986,1.8827534,20230101,20231231
12.050000077278533,42.85000006582986,2.031589,20230101,20231231
12.150000071554198,42.85000006582986,2.0879726,20230101,20231231
12.250000065829862,42.85000006582986,2.0302055,20230101,20231231
12.350000060105527,42.85000006582986,2.0882876,20230101,20231231
12.450000054381192,42.85000006582986,2.3138356,20230101,20231231
12.550000048656855,42.85000006582986,2.5085478,20230101,20231231
12.65000004293252,42.85000006582986,2.9280684,20230101,20231231
12.750000037208185,42.85000006582986,2.9794657,20230101,20231231
12.85000003148385,42.85000006582986,3.2559588,20230101,20231231
12.950000025759515,42.85000006582986,3.1052191,20230101,20231231
13.050000020035178,42.85000006582986,3.1539178,20230101,20231231
13.150000014310843,42.85000006582986,3.3220549,20230101,20231231
13.250000008586508,42.85000006582986,3.0201507,20230101,20231231
13.350000002862172,42.85000006582986,2.957767,20230101,20231231
13.449999997137837,42.85000006582986,2.6506984,20230101,20231231
13.5499999914135,42.85000006582986,2.6012053,20230101,20231231
13.649999985689165,42.85000006582986,2.3445616,20230101,20231231
13.74999997996483,42.85000006582986,2.2671916,20230101,20231231
13.849999974240495,42.85000006582986,2.2260275,20230101,20231231
13.94999996851616,42.85000006582986,2.2991781,20230101,20231231
14.049999962791823,42.85000006582986,1.9133424,20230101,20231231
14.14999995706749,42.85000006582986,1.7466164,20230101,20231231
14.249999951343153,42.85000006582986,1.7156026,20230101,20231231
14.349999945618817,42.85000006582986,1.7736439,20230101,20231231
14.449999939894482,42.85000006582986,1.7879726,20230101,20231231
14.549999934170145,42.85000006582986,1.708452,20230101,20231231
14.649999928445812,42.85000006582986,1.6134657,20230101,20231231
14.749999922721475,42.85000006582986,1.4399178,20230101,20231231
14.84999991699714,42.85000006582986,1.3523151,20230101,20231231
14.949999911272805,42.85000006582986,1.3531369,20230101,20231231
10.050000191765243,42.7500000715542,1.8567396,20230101,20231231
10.150000186040907,42.7500000715542,2.3212466,20230101,20231231
10.250000180316572,42.7500000715542,2.2757807,20230101,20231231
10.350000174592237,42.7500000715542,2.3135204,20230101,20231231
10.450000168867902,42.7500000715542,1.9146712,20230101,20231231
10.550000163143565,42.7500000715542,1.6396575,20230101,20231231
10.65000015741923,42.7500000715542,1.6071644,20230101,20231231
10.750000151694895,42.7500000715542,1.466178,20230101,20231231
10.85000014597056,42.7500000715542,1.6643972,20230101,20231231
10.950000140246225,42.7500000715542,1.7890685,20230101,20231231
11.050000134521888,42.7500000715542,1.7572329,20230101,20231231
11.150000128797553,42.7500000715542,1.750726,20230101,20231231
11.250000123073217,42.7500000715542,1.7213014,20230101,20231231
11.350000117348882,42.7500000715542,1.761041,20230101,20231231
11.450000111624547,42.7500000715542,1.4933835,20230101,20231231
11.55000010590021,42.7500000715542,1.6210274,20230101,20231231
11.650000100175875,42.7500000715542,1.6825616,20230101,20231231
11.75000009445154,42.7500000715542,1.7505479,20230101,20231231
11.850000088727205,42.7500000715542,1.8135617,20230101,20231231
11.95000008300287,42.7500000715542,1.826315,20230101,20231231
12.050000077278533,42.7500000715542,2.0138767,20230101,20231231
12.150000071554198,42.7500000715542,1.9530959,20230101,20231231
12.250000065829862,42.7500000715542,2.1288493,20230101,20231231
12.350000060105527,42.7500000715542,2.0148492,20230101,20231231
12.450000054381192,42.7500000715542,2.2179315,20230101,20231231
12.550000048656855,42.7500000715542,2.48237,20230101,20231231
12.65000004293252,42.7500000715542,2.6491368,20230101,20231231
12.750000037208185,42.7500000715542,2.7487946,20230101,20231231
12.85000003148385,42.7500000715542,2.8653972,20230101,20231231
12.950000025759515,42.7500000715542,2.8896027,20230101,20231231
13.050000020035178,42.7500000715542,2.8700821,20230101,20231231
13.150000014310843,42.7500000715542,3.1474247,20230101,20231231
13.250000008586508,42.7500000715542,2.8628492,20230101,20231231
13.350000002862172,42.7500000715542,2.5726438,20230101,20231231
13.449999997137837,42.7500000715542,2.4571369,20230101,20231231
13.5499999914135,42.7500000715542,2.4783971,20230101,20231231
13.649999985689165,42.7500000715542,2.229082,20230101,20231231
13.74999997996483,42.7500000715542,1.9467397,20230101,20231231
13.849999974240495,42.7500000715542,2.0317671,20230101,20231231
13.94999996851616,42.7500000715542,2.1718903,20230101,20231231
14.049999962791823,42.7500000715542,2.0816574,20230101,20231231
14.14999995706749,42.7500000715542,1.7782054,20230101,20231231
14.249999951343153,42.7500000715542,1.7260548,20230101,20231231
14.349999945618817,42.7500000715542,1.7467397,20230101,20231231
14.449999939894482,42.7500000715542,1.7690685,20230101,20231231
14.549999934170145,42.7500000715542,1.7872603,20230101,20231231
14.649999928445812,42.7500000715542,1.5483836,20230101,20231231
14.749999922721475,42.7500000715542,1.4389042,20230101,20231231
14.84999991699714,42.7500000715542,1.4587123,20230101,20231231
14.949999911272805,42.7500000715542,1.5254657,20230101,20231231
10.050000191765243,42.65000007727853,1.6052192,20230101,20231231
10.150000186040907,42.65000007727853,1.6060137,20230101,20231231
10.250000180316572,42.65000007727853,1.5873835,20230101,20231231
10.350000174592237,42.65000007727853,1.5791507,20230101,20231231
10.450000168867902,42.65000007727853,1.5041643,20230101,20231231
10.550000163143565,42.65000007727853,1.4306986,20230101,20231231
10.65000015741923,42.65000007727853,1.3753425,20230101,20231231
10.750000151694895,42.65000007727853,1.5846027,20230101,20231231
10.85000014597056,42.65000007727853,1.4870685,20230101,20231231
10.950000140246225,42.65000007727853,1.7840548,20230101,20231231
11.050000134521888,42.65000007727853,1.755863,20230101,20231231
11.150000128797553,42.65000007727853,1.7102329,20230101,20231231
11.250000123073217,42.65000007727853,1.6884657,20230101,20231231
11.350000117348882,42.65000007727853,1.7453561,20230101,20231231
11.450000111624547,42.65000007727853,1.5658767,20230101,20231231
11.55000010590021,42.65000007727853,1.6549177,20230101,20231231
11.650000100175875,42.65000007727853,1.6453699,20230101,20231231
11.75000009445154,42.65000007727853,1.713137,20230101,20231231
11.850000088727205,42.65000007727853,1.7208219,20230101,20231231
11.95000008300287,42.65000007727853,1.8726164,20230101,20231231
12.050000077278533,42.65000007727853,1.8776027,20230101,20231231
12.150000071554198,42.65000007727853,2.0584521,20230101,20231231
12.250000065829862,42.65000007727853,2.0412328,20230101,20231231
12.350000060105527,42.65000007727853,1.9841232,20230101,20231231
12.450000054381192,42.65000007727853,2.1337671,20230101,20231231
12.550000048656855,42.65000007727853,2.4546163,20230101,20231231
12.65000004293252,42.65000007727853,2.5442877,20230101,20231231
12.750000037208185,42.65000007727853,2.6514382,20230101,20231231
12.85000003148385,42.65000007727853,2.6842191,20230101,20231231
12.950000025759515,42.65000007727853,2.8476439,20230101,20231231
13.050000020035178,42.65000007727853,2.8015342,20230101,20231231
13.150000014310843,42.65000007727853,2.9332328,20230101,20231231
13.250000008586508,42.65000007727853,2.6513972,20230101,20231231
13.350000002862172,42.65000007727853,2.633315,20230101,20231231
13.449999997137837,42.65000007727853,2.6955204,20230101,20231231
13.5499999914135,42.65000007727853,2.509096,20230101,20231231
13.649999985689165,42.65000007727853,2.0358355,20230101,20231231
13.74999997996483,42.65000007727853,1.8162191,20230101,20231231
13.849999974240495,42.65000007727853,1.7435753,20230101,20231231
13.94999996851616,42.65000007727853,2.0194247,20230101,20231231
14.049999962791823,42.65000007727853,2.299,20230101,20231231
14.14999995706749,42.65000007727853,1.8383561,20230101,20231231
14.249999951343153,42.65000007727853,1.7519041,20230101,20231231
14.349999945618817,42.65000007727853,1.7229452,20230101,20231231
14.449999939894482,42.65000007727853,1.6931506,20230101,20231231
14.549999934170145,42.65000007727853,1.6343973,20230101,20231231
14.649999928445812,42.65000007727853,1.6561643,20230101,20231231
14.749999922721475,42.65000007727853,1.6365205,20230101,20231231
14.84999991699714,42.65000007727853,1.5629452,20230101,20231231
14.949999911272805,42.65000007727853,1.5988219,20230101,20231231
10.050000191765243,42.550000083002864,1.399452,20230101,20231231
10.150000186040907,42.550000083002864,1.4126164,20230101,20231231
10.250000180316572,42.550000083002864,1.5379177,20230101,20231231
10.350000174592237,42.550000083002864,1.4601369,20230101,20231231
10.450000168867902,42.550000083002864,1.3697534,20230101,20231231
10.550000163143565,42.550000083002864,1.2798219,20230101,20231231
10.65000015741923,42.550000083002864,1.324137,20230101,20231231
10.750000151694895,42.550000083002864,1.4952465,20230101,20231231
10.85000014597056,42.550000083002864,1.5030547,20230101,20231231
10.950000140246225,42.550000083002864,1.439274,20230101,20231231
11.050000134521888,42.550000083002864,1.6513424,20230101,20231231
11.150000128797553,42.550000083002864,1.6179315,20230101,20231231
11.250000123073217,42.550000083002864,1.6058081,20230101,20231231
11.350000117348882,42.550000083002864,1.5162466,20230101,20231231
11.450000111624547,42.550000083002864,1.5899452,20230101,20231231
11.55000010590021,42.550000083002864,1.5525753,20230101,20231231
11.650000100175875,42.550000083002864,1.6860958,20230101,20231231
11.75000009445154,42.550000083002864,1.7267945,20230101,20231231
11.850000088727205,42.550000083002864,1.7084657,20230101,20231231
11.95000008300287,42.550000083002864,1.8182465,20230101,20231231
12.050000077278533,42.550000083002864,1.7676438,20230101,20231231
12.150000071554198,42.550000083002864,1.9176301,20230101,20231231
12.250000065829862,42.550000083002864,1.7876438,20230101,20231231
12.350000060105527,42.550000083002864,1.8604245,20230101,20231231
12.450000054381192,42.550000083002864,1.9874109,20230101,20231231
12.550000048656855,42.550000083002864,2.204,20230101,20231231
12.65000004293252,42.550000083002864,2.339274,20230101,20231231
12.750000037208185,42.550000083002864,2.5600822,20230101,20231231
12.85000003148385,42.550000083002864,2.6008492,20230101,20231231
12.950000025759515,42.550000083002864,2.709411,20230101,20231231
13.050000020035178,42.550000083002864,2.858041,20230101,20231231
13.150000014310843,42.550000083002864,2.8417397,20230101,20231231
13.250000008586508,42.550000083002864,2.673589,20230101,20231231
13.350000002862172,42.550000083002864,2.6053834,20230101,20231231
13.449999997137837,42.550000083002864,2.7743287,20230101,20231231
13.5499999914135,42.550000083002864,2.663863,20230101,20231231
13.649999985689165,42.550000083002864,2.3170273,20230101,20231231
13.74999997996483,42.550000083002864,1.954178,20230101,20231231
13.849999974240495,42.550000083002864,1.710863,20230101,20231231
13.94999996851616,42.550000083002864,1.8056575,20230101,20231231
14.049999962791823,42.550000083002864,1.9456575,20230101,20231231
14.14999995706749,42.550000083002864,2.3532193,20230101,20231231
14.249999951343153,42.550000083002864,2.1411781,20230101,20231231
14.349999945618817,42.550000083002864,1.914178,20230101,20231231
14.449999939894482,42.550000083002864,1.8872739,20230101,20231231
14.549999934170145,42.550000083002864,1.9753287,20230101,20231231
14.649999928445812,42.550000083002864,1.8130958,20230101,20231231
14.749999922721475,42.550000083002864,1.8168904,20230101,20231231
14.84999991699714,42.550000083002864,1.8712739,20230101,20231231
14.949999911272805,42.550000083002864,1.7439452,20230101,20231231
10.050000191765243,42.4500000887272,1.4034795,20230101,20231231
10.150000186040907,42.4500000887272,1.3079588,20230101,20231231
10.250000180316572,42.4500000887272,1.2713561,20230101,20231231
10.350000174592237,42.4500000887272,1.2251917,20230101,20231231
10.450000168867902,42.4500000887272,1.1946301,20230101,20231231
10.550000163143565,42.4500000887272,1.1806301,20230101,20231231
10.65000015741923,42.4500000887272,1.1997397,20230101,20231231
10.750000151694895,42.4500000887272,1.3312054,20230101,20231231
10.85000014597056,42.4500000887272,1.4240685,20230101,20231231
10.950000140246225,42.4500000887272,1.4918493,20230101,20231231
11.050000134521888,42.4500000887272,1.5749725,20230101,20231231
11.150000128797553,42.4500000887272,1.4283836,20230101,20231231
11.250000123073217,42.4500000887272,1.4156164,20230101,20231231
11.350000117348882,42.4500000887272,1.3806027,20230101,20231231
11.450000111624547,42.4500000887272,1.5033561,20230101,20231231
11.55000010590021,42.4500000887272,1.5714246,20230101,20231231
11.650000100175875,42.4500000887272,1.632,20230101,20231231
11.75000009445154,42.4500000887272,1.7110958,20230101,20231231
11.850000088727205,42.4500000887272,1.5583562,20230101,20231231
11.95000008300287,42.4500000887272,1.5258356,20230101,20231231
12.050000077278533,42.4500000887272,1.686041,20230101,20231231
12.150000071554198,42.4500000887272,1.7348905,20230101,20231231
12.250000065829862,42.4500000887272,1.7189726,20230101,20231231
12.350000060105527,42.4500000887272,1.6415616,20230101,20231231
12.450000054381192,42.4500000887272,1.8082603,20230101,20231231
12.550000048656855,42.4500000887272,2.061178,20230101,20231231
12.65000004293252,42.4500000887272,2.1799178,20230101,20231231
12.750000037208185,42.4500000887272,2.2027397,20230101,20231231
12.85000003148385,42.4500000887272,2.3432465,20230101,20231231
12.950000025759515,42.4500000887272,2.3477123,20230101,20231231
13.050000020035178,42.4500000887272,2.474041,20230101,20231231
13.150000014310843,42.4500000887272,2.525137,20230101,20231231
13.250000008586508,42.4500000887272,2.701493,20230101,20231231
13.350000002862172,42.4500000887272,2.4155204,20230101,20231231
13.449999997137837,42.4500000887272,2.5717397,20230101,20231231
13.5499999914135,42.4500000887272,2.4819453,20230101,20231231
13.649999985689165,42.4500000887272,2.4094245,20230101,20231231
13.74999997996483,42.4500000887272,2.3787396,20230101,20231231
13.849999974240495,42.4500000887272,1.9938083,20230101,20231231
13.94999996851616,42.4500000887272,1.8686026,20230101,20231231
14.049999962791823,42.4500000887272,2.0095754,20230101,20231231
14.14999995706749,42.4500000887272,2.2480273,20230101,20231231
14.249999951343153,42.4500000887272,2.1919315,20230101,20231231
14.349999945618817,42.4500000887272,2.3389177,20230101,20231231
14.449999939894482,42.4500000887272,2.002767,20230101,20231231
14.549999934170145,42.4500000887272,2.152411,20230101,20231231
14.649999928445812,42.4500000887272,2.0953698,20230101,20231231
14.749999922721475,42.4500000887272,1.9326301,20230101,20231231
14.84999991699714,42.4500000887272,1.9390137,20230101,20231231
14.949999911272805,42.4500000887272,1.9835479,20230101,20231231
10.050000191765243,42.35000009445154,1.3709726,20230101,20231231
10.150000186040907,42.35000009445154,1.2420137,20230101,20231231
10.250000180316572,42.35000009445154,1.1657671,20230101,20231231
10.350000174592237,42.35000009445154,1.1758355,20230101,20231231
10.450000168867902,42.35000009445154,1.1719041,20230101,20231231
10.550000163143565,42.35000009445154,1.2743014,20230101,20231231
10.65000015741923,42.35000009445154,1.2504793,20230101,20231231
10.750000151694895,42.35000009445154,1.3114657,20230101,20231231
10.85000014597056,42.35000009445154,1.3883698,20230101,20231231
10.950000140246225,42.35000009445154,1.4135205,20230101,20231231
11.050000134521888,42.35000009445154,1.594315,20230101,20231231
11.150000128797553,42.35000009445154,1.702726,20230101,20231231
11.250000123073217,42.35000009445154,1.4270138,20230101,20231231
11.350000117348882,42.35000009445154,1.3771918,20230101,20231231
11.450000111624547,42.35000009445154,1.3454931,20230101,20231231
11.55000010590021,42.35000009445154,1.4625616,20230101,20231231
11.650000100175875,42.35000009445154,1.5606301,20230101,20231231
11.75000009445154,42.35000009445154,1.5804931,20230101,20231231
11.850000088727205,42.35000009445154,1.6709589,20230101,20231231
11.95000008300287,42.35000009445154,1.5269178,20230101,20231231
12.050000077278533,42.35000009445154,1.515863,20230101,20231231
12.150000071554198,42.35000009445154,1.6317534,20230101,20231231
12.250000065829862,42.35000009445154,1.654274,20230101,20231231
12.350000060105527,42.35000009445154,1.5417808,20230101,20231231
12.450000054381192,42.35000009445154,1.7439315,20230101,20231231
12.550000048656855,42.35000009445154,1.7730684,20230101,20231231
12.65000004293252,42.35000009445154,1.947863,20230101,20231231
12.750000037208185,42.35000009445154,2.2329178,20230101,20231231
12.85000003148385,42.35000009445154,2.2293835,20230101,20231231
12.950000025759515,42.35000009445154,2.3716438,20230101,20231231
13.050000020035178,42.35000009445154,2.4394245,20230101,20231231
13.150000014310843,42.35000009445154,2.648548,20230101,20231231
13.250000008586508,42.35000009445154,2.6558902,20230101,20231231
13.350000002862172,42.35000009445154,2.530904,20230101,20231231
13.449999997137837,42.35000009445154,2.4009862,20230101,20231231
13.5499999914135,42.35000009445154,2.5410821,20230101,20231231
13.649999985689165,42.35000009445154,2.2827945,20230101,20231231
13.74999997996483,42.35000009445154,2.1641233,20230101,20231231
13.849999974240495,42.35000009445154,2.4090137,20230101,20231231
13.94999996851616,42.35000009445154,2.1102192,20230101,20231231
14.049999962791823,42.35000009445154,2.0813286,20230101,20231231
14.14999995706749,42.35000009445154,2.014452,20230101,20231231
14.249999951343153,42.35000009445154,2.0990684,20230101,20231231
14.349999945618817,42.35000009445154,2.2633698,20230101,20231231
14.449999939894482,42.35000009445154,2.3123698,20230101,20231231
14.549999934170145,42.35000009445154,2.1252878,20230101,20231231
14.649999928445812,42.35000009445154,2.2039862,20230101,20231231
14.749999922721475,42.35000009445154,2.0223835,20230101,20231231
14.84999991699714,42.35000009445154,1.9985616,20230101,20231231
14.949999911272805,42.35000009445154,1.9341507,20230101,20231231
10.050000191765243,42.25000010017587,1.4015205,20230101,20231231
10.150000186040907,42.25000010017587,1.2691917,20230101,20231231
10.250000180316572,42.25000010017587,1.1634383,20230101,20231231
10.350000174592237,42.25000010017587,1.2050548,20230101,20231231
10.450000168867902,42.25000010017587,1.1548767,20230101,20231231
10.550000163143565,42.25000010017587,1.2333972,20230101,20231231
10.65000015741923,42.25000010017587,1.3046986,20230101,20231231
10.750000151694895,42.25000010017587,1.2816027,20230101,20231231
10.85000014597056,42.25000010017587,1.2387944,20230101,20231231
10.950000140246225,42.25000010017587,1.2792192,20230101,20231231
11.050000134521888,42.25000010017587,1.2894794,20230101,20231231
11.150000128797553,42.25000010017587,1.355726,20230101,20231231
11.250000123073217,42.25000010017587,1.2808493,20230101,20231231
11.350000117348882,42.25000010017587,1.1813288,20230101,20231231
11.450000111624547,42.25000010017587,1.2602602,20230101,20231231
11.55000010590021,42.25000010017587,1.3568629,20230101,20231231
11.650000100175875,42.25000010017587,1.4242465,20230101,20231231
11.75000009445154,42.25000010017587,1.4250685,20230101,20231231
11.850000088727205,42.25000010017587,1.5448083,20230101,20231231
11.95000008300287,42.25000010017587,1.5120684,20230101,20231231
12.050000077278533,42.25000010017587,1.3716301,20230101,20231231
12.150000071554198,42.25000010017587,1.5301095,20230101,20231231
12.250000065829862,42.25000010017587,1.7094383,20230101,20231231
12.350000060105527,42.25000010017587,1.649452,20230101,20231231
12.450000054381192,42.25000010017587,1.778137,20230101,20231231
12.550000048656855,42.25000010017587,1.6396438,20230101,20231231
12.65000004293252,42.25000010017587,1.8877945,20230101,20231231
12.750000037208185,42.25000010017587,1.9674246,20230101,20231231
12.85000003148385,42.25000010017587,2.155452,20230101,20231231
12.950000025759515,42.25000010017587,2.3202603,20230101,20231231
13.050000020035178,42.25000010017587,2.3921642,20230101,20231231
13.150000014310843,42.25000010017587,2.6048493,20230101,20231231
13.250000008586508,42.25000010017587,2.5578356,20230101,20231231
13.350000002862172,42.25000010017587,2.4940274,20230101,20231231
13.449999997137837,42.25000010017587,2.400041,20230101,20231231
13.5499999914135,42.25000010017587,2.4047534,20230101,20231231
13.649999985689165,42.25000010017587,2.3080273,20230101,20231231
13.74999997996483,42.25000010017587,2.2396574,20230101,20231231
13.849999974240495,42.25000010017587,2.1625617,20230101,20231231
13.94999996851616,42.25000010017587,2.0228083,20230101,20231231
14.049999962791823,42.25000010017587,1.9945068,20230101,20231231
14.14999995706749,42.25000010017587,1.7930821,20230101,20231231
14.249999951343153,42.25000010017587,1.9630821,20230101,20231231
14.349999945618817,42.25000010017587,2.1874108,20230101,20231231
14.449999939894482,42.25000010017587,2.2587123,20230101,20231231
14.549999934170145,42.25000010017587,2.3322055,20230101,20231231
14.649999928445812,42.25000010017587,2.3964384,20230101,20231231
14.749999922721475,42.25000010017587,2.2663014,20230101,20231231
14.84999991699714,42.25000010017587,2.1232603,20230101,20231231
14.949999911272805,42.25000010017587,1.9783013,20230101,20231231
10.050000191765243,42.150000105900205,1.372726,20230101,20231231
10.150000186040907,42.150000105900205,1.2337672,20230101,20231231
10.250000180316572,42.150000105900205,1.1486576,20230101,20231231
10.350000174592237,42.150000105900205,1.2243013,20230101,20231231
10.450000168867902,42.150000105900205,1.2748219,20230101,20231231
10.550000163143565,42.150000105900205,1.2825754,20230101,20231231
10.65000015741923,42.150000105900205,1.1926302,20230101,20231231
10.750000151694895,42.150000105900205,1.2140274,20230101,20231231
10.85000014597056,42.150000105900205,1.1546576,20230101,20231231
10.950000140246225,42.150000105900205,1.1012876,20230101,20231231
11.050000134521888,42.150000105900205,1.0582328,20230101,20231231
11.150000128797553,42.150000105900205,1.1236575,20230101,20231231
11.250000123073217,42.150000105900205,1.103411,20230101,20231231
11.350000117348882,42.150000105900205,1.0963699,20230101,20231231
11.450000111624547,42.150000105900205,1.0606986,20230101,20231231
11.55000010590021,42.150000105900205,1.2018493,20230101,20231231
11.650000100175875,42.150000105900205,1.5105069,20230101,20231231
11.75000009445154,42.150000105900205,1.4073013,20230101,20231231
11.850000088727205,42.150000105900205,1.4278082,20230101,20231231
11.95000008300287,42.150000105900205,1.4406301,20230101,20231231
12.050000077278533,42.150000105900205,1.3986849,20230101,20231231
12.150000071554198,42.150000105900205,1.5101917,20230101,20231231
12.250000065829862,42.150000105900205,1.6961918,20230101,20231231
12.350000060105527,42.150000105900205,1.6531507,20230101,20231231
12.450000054381192,42.150000105900205,1.7617671,20230101,20231231
12.550000048656855,42.150000105900205,1.7005616,20230101,20231231
12.65000004293252,42.150000105900205,1.7714794,20230101,20231231
12.750000037208185,42.150000105900205,1.9614931,20230101,20231231
12.85000003148385,42.150000105900205,2.0440822,20230101,20231231
12.950000025759515,42.150000105900205,2.1228766,20230101,20231231
13.050000020035178,42.150000105900205,2.2031233,20230101,20231231
13.150000014310843,42.150000105900205,2.4218903,20230101,20231231
13.250000008586508,42.150000105900205,2.4983835,20230101,20231231
13.350000002862172,42.150000105900205,2.6311095,20230101,20231231
13.449999997137837,42.150000105900205,2.6269314,20230101,20231231
13.5499999914135,42.150000105900205,2.5463972,20230101,20231231
13.649999985689165,42.150000105900205,2.3471096,20230101,20231231
13.74999997996483,42.150000105900205,2.3808768,20230101,20231231
13.849999974240495,42.150000105900205,2.2277534,20230101,20231231
13.94999996851616,42.150000105900205,2.1867945,20230101,20231231
14.049999962791823,42.150000105900205,2.3760822,20230101,20231231
14.14999995706749,42.150000105900205,2.0793972,20230101,20231231
14.249999951343153,42.150000105900205,2.021,20230101,20231231
14.349999945618817,42.150000105900205,2.1393971,20230101,20231231
14.449999939894482,42.150000105900205,2.143822,20230101,20231231
14.549999934170145,42.150000105900205,2.4364793,20230101,20231231
14.649999928445812,42.150000105900205,2.544863,20230101,20231231
14.749999922721475,42.150000105900205,2.5633972,20230101,20231231
14.84999991699714,42.150000105900205,2.1025753,20230101,20231231
14.949999911272805,42.150000105900205,1.7920136,20230101,20231231
10.050000191765243,42.05000011162454,1.3400959,20230101,20231231
10.150000186040907,42.05000011162454,1.1970685,20230101,20231231
10.250000180316572,42.05000011162454,1.256452,20230101,20231231
10.350000174592237,42.05000011162454,1.2494383,20230101,20231231
10.450000168867902,42.05000011162454,1.2470821,20230101,20231231
10.550000163143565,42.05000011162454,1.1146575,20230101,20231231
10.65000015741923,42.05000011162454,1.0052602,20230101,20231231
10.750000151694895,42.05000011162454,1.0260273,20230101,20231231
10.85000014597056,42.05000011162454,1.0451369,20230101,20231231
10.950000140246225,42.05000011162454,1.0228493,20230101,20231231
11.050000134521888,42.05000011162454,1.0200411,20230101,20231231
11.150000128797553,42.05000011162454,0.99349314,20230101,20231231
11.250000123073217,42.05000011162454,1.0032191,20230101,20231231
11.350000117348882,42.05000011162454,1.0234658,20230101,20231231
11.450000111624547,42.05000011162454,1.0857533,20230101,20231231
11.55000010590021,42.05000011162454,1.1515205,20230101,20231231
11.650000100175875,42.05000011162454,1.2062465,20230101,20231231
11.75000009445154,42.05000011162454,1.335452,20230101,20231231
11.850000088727205,42.05000011162454,1.3934932,20230101,20231231
11.95000008300287,42.05000011162454,1.4191644,20230101,20231231
12.050000077278533,42.05000011162454,1.4375479,20230101,20231231
12.150000071554198,42.05000011162454,1.585767,20230101,20231231
12.250000065829862,42.05000011162454,1.5916712,20230101,20231231
12.350000060105527,42.05000011162454,1.6189178,20230101,20231231
12.450000054381192,42.05000011162454,1.6261096,20230101,20231231
12.550000048656855,42.05000011162454,1.6532876,20230101,20231231
12.65000004293252,42.05000011162454,1.727274,20230101,20231231
12.750000037208185,42.05000011162454,1.822178,20230101,20231231
12.85000003148385,42.05000011162454,1.9545206,20230101,20231231
12.950000025759515,42.05000011162454,2.0052738,20230101,20231231
13.050000020035178,42.05000011162454,2.225137,20230101,20231231
13.150000014310843,42.05000011162454,2.2489588,20230101,20231231
13.250000008586508,42.05000011162454,2.3818903,20230101,20231231
13.350000002862172,42.05000011162454,2.4380412,20230101,20231231
13.449999997137837,42.05000011162454,2.487,20230101,20231231
13.5499999914135,42.05000011162454,2.5830822,20230101,20231231
13.649999985689165,42.05000011162454,2.3788767,20230101,20231231
13.74999997996483,42.05000011162454,2.2800822,20230101,20231231
13.849999974240495,42.05000011162454,2.248822,20230101,20231231
13.94999996851616,42.05000011162454,2.1062877,20230101,20231231
14.049999962791823,42.05000011162454,2.0234656,20230101,20231231
14.14999995706749,42.05000011162454,2.190356,20230101,20231231
14.249999951343153,42.05000011162454,2.1713698,20230101,20231231
14.349999945618817,42.05000011162454,2.0635068,20230101,20231231
14.449999939894482,42.05000011162454,2.0812876,20230101,20231231
14.549999934170145,42.05000011162454,2.1806848,20230101,20231231
14.649999928445812,42.05000011162454,2.4898765,20230101,20231231
14.749999922721475,42.05000011162454,2.3323836,20230101,20231231
14.84999991699714,42.05000011162454,2.377082,20230101,20231231
14.949999911272805,42.05000011162454,2.000685,20230101,20231231
10.050000191765243,41.95000011734888,1.3026028,20230101,20231231
10.150000186040907,41.95000011734888,1.1932739,20230101,20231231
10.250000180316572,41.95000011734888,1.1925616,20230101,20231231
10.350000174592237,41.95000011734888,1.1514246,20230101,20231231
10.450000168867902,41.95000011734888,1.1345754,20230101,20231231
10.550000163143565,41.95000011734888,1.0845206,20230101,20231231
10.65000015741923,41.95000011734888,1.0563014,20230101,20231231
10.750000151694895,41.95000011734888,0.995315,20230101,20231231
10.85000014597056,41.95000011734888,0.98465747,20230101,20231231
10.950000140246225,41.95000011734888,0.99897254,20230101,20231231
11.050000134521888,41.95000011734888,0.9015068,20230101,20231231
11.150000128797553,41.95000011734888,0.9316164,20230101,20231231
11.250000123073217,41.95000011734888,0.93409586,20230101,20231231
11.350000117348882,41.95000011734888,0.8866986,20230101,20231231
11.450000111624547,41.95000011734888,0.9532603,20230101,20231231
11.55000010590021,41.95000011734888,0.9968082,20230101,20231231
11.650000100175875,41.95000011734888,0.982863,20230101,20231231
11.75000009445154,41.95000011734888,1.2135617,20230101,20231231
11.850000088727205,41.95000011734888,1.2662054,20230101,20231231
11.95000008300287,41.95000011734888,1.9796575,20230101,20231231
12.050000077278533,41.95000011734888,1.6361096,20230101,20231231
12.150000071554198,41.95000011734888,1.6199863,20230101,20231231
12.250000065829862,41.95000011734888,1.6299042,20230101,20231231
12.350000060105527,41.95000011734888,1.5494931,20230101,20231231
12.450000054381192,41.95000011734888,1.6373562,20230101,20231231
12.550000048656855,41.95000011734888,1.5933424,20230101,20231231
12.65000004293252,41.95000011734888,1.6815342,20230101,20231231
12.750000037208185,41.95000011734888,2.017233,20230101,20231231
12.85000003148385,41.95000011734888,2.0354657,20230101,20231231
12.950000025759515,41.95000011734888,2.1130548,20230101,20231231
13.050000020035178,41.95000011734888,1.8463562,20230101,20231231
13.150000014310843,41.95000011734888,2.1064384,20230101,20231231
13.250000008586508,41.95000011734888,2.2571096,20230101,20231231
13.350000002862172,41.95000011734888,2.2978082,20230101,20231231
13.449999997137837,41.95000011734888,2.3491232,20230101,20231231
13.5499999914135,41.95000011734888,2.54137,20230101,20231231
13.649999985689165,41.95000011734888,2.6753836,20230101,20231231
13.74999997996483,41.95000011734888,2.4495752,20230101,20231231
13.849999974240495,41.95000011734888,2.1991506,20230101,20231231
13.94999996851616,41.95000011734888,2.15963,20230101,20231231
14.049999962791823,41.95000011734888,2.0282328,20230101,20231231
14.14999995706749,41.95000011734888,2.1210275,20230101,20231231
14.249999951343153,41.95000011734888,2.058082,20230101,20231231
14.349999945618817,41.95000011734888,1.8574246,20230101,20231231
14.449999939894482,41.95000011734888,1.9560137,20230101,20231231
14.549999934170145,41.95000011734888,2.1155205,20230101,20231231
14.649999928445812,41.95000011734888,2.0832465,20230101,20231231
14.749999922721475,41.95000011734888,1.8946849,20230101,20231231
14.84999991699714,41.95000011734888,1.9452877,20230101,20231231
14.949999911272805,41.95000011734888,1.8772739,20230101,20231231
10.050000191765243,41.850000123073215,1.2959863,20230101,20231231
10.150000186040907,41.850000123073215,1.2273836,20230101,20231231
10.250000180316572,41.850000123073215,1.1868904,20230101,20231231
10.350000174592237,41.850000123073215,1.1052603,20230101,20231231
10.450000168867902,41.850000123073215,1.1541643,20230101,20231231
10.550000163143565,41.850000123073215,1.0875069,20230101,20231231
10.65000015741923,41.850000123073215,1.082315,20230101,20231231
10.750000151694895,41.850000123073215,1.0869315,20230101,20231231
10.85000014597056,41.850000123073215,0.9944931,20230101,20231231
10.950000140246225,41.850000123073215,0.9905753,20230101,20231231
11.050000134521888,41.850000123073215,0.9176438,20230101,20231231
11.150000128797553,41.850000123073215,0.878726,20230101,20231231
11.250000123073217,41.850000123073215,0.87553424,20230101,20231231
11.350000117348882,41.850000123073215,0.88128763,20230101,20231231
11.450000111624547,41.850000123073215,0.92941093,20230101,20231231
11.55000010590021,41.850000123073215,0.93809587,20230101,20231231
11.650000100175875,41.850000123073215,0.98076713,20230101,20231231
11.75000009445154,41.850000123073215,1.007589,20230101,20231231
11.850000088727205,41.850000123073215,1.1084794,20230101,20231231
11.95000008300287,41.850000123073215,1.1310548,20230101,20231231
12.050000077278533,41.850000123073215,1.1777397,20230101,20231231
12.150000071554198,41.850000123073215,1.5946987,20230101,20231231
12.250000065829862,41.850000123073215,1.513589,20230101,20231231
12.350000060105527,41.850000123073215,1.4702328,20230101,20231231
12.450000054381192,41.850000123073215,1.5624657,20230101,20231231
12.550000048656855,41.850000123073215,1.6334109,20230101,20231231
12.65000004293252,41.850000123073215,1.7192739,20230101,20231231
12.750000037208185,41.850000123073215,1.8446987,20230101,20231231
12.85000003148385,41.850000123073215,1.7903425,20230101,20231231
12.950000025759515,41.850000123073215,1.8358767,20230101,20231231
13.050000020035178,41.850000123073215,1.9291096,20230101,20231231
13.150000014310843,41.850000123073215,1.985178,20230101,20231231
13.250000008586508,41.850000123073215,2.2966166,20230101,20231231
13.350000002862172,41.850000123073215,2.1703699,20230101,20231231
13.449999997137837,41.850000123073215,2.3824794,20230101,20231231
13.5499999914135,41.850000123073215,2.4747124,20230101,20231231
13.649999985689165,41.850000123073215,2.4569862,20230101,20231231
13.74999997996483,41.850000123073215,2.3220959,20230101,20231231
13.849999974240495,41.850000123073215,2.1863012,20230101,20231231
13.94999996851616,41.850000123073215,2.1315067,20230101,20231231
14.049999962791823,41.850000123073215,2.2589314,20230101,20231231
14.14999995706749,41.850000123073215,2.1836712,20230101,20231231
14.249999951343153,41.850000123073215,2.1349177,20230101,20231231
14.349999945618817,41.850000123073215,2.2293425,20230101,20231231
14.449999939894482,41.850000123073215,2.3937533,20230101,20231231
14.549999934170145,41.850000123073215,2.1544108,20230101,20231231
14.649999928445812,41.850000123073215,2.0263424,20230101,20231231
14.749999922721475,41.850000123073215,1.8981233,20230101,20231231
14.84999991699714,41.850000123073215,1.7774246,20230101,20231231
14.949999911272805,41.850000123073215,1.6954246,20230101,20231231
10.050000191765243,41.75000012879755,1.2841917,20230101,20231231
10.150000186040907,41.75000012879755,1.182863,20230101,20231231
10.250000180316572,41.75000012879755,1.2022191,20230101,20231231
10.350000174592237,41.75000012879755,1.1859589,20230101,20231231
10.450000168867902,41.75000012879755,1.298589,20230101,20231231
10.550000163143565,41.75000012879755,1.2044383,20230101,20231231
10.65000015741923,41.75000012879755,1.1077945,20230101,20231231
10.750000151694895,41.75000012879755,1.0365616,20230101,20231231
10.85000014597056,41.75000012879755,1.1263698,20230101,20231231
10.950000140246225,41.75000012879755,1.1531233,20230101,20231231
11.050000134521888,41.75000012879755,1.1275616,20230101,20231231
11.150000128797553,41.75000012879755,0.9400822,20230101,20231231
11.250000123073217,41.75000012879755,0.882,20230101,20231231
11.350000117348882,41.75000012879755,0.9387397,20230101,20231231
11.450000111624547,41.75000012879755,0.97021914,20230101,20231231
11.55000010590021,41.75000012879755,0.9436164,20230101,20231231
11.650000100175875,41.75000012879755,1.0182192,20230101,20231231
11.75000009445154,41.75000012879755,1.0112329,20230101,20231231
11.850000088727205,41.75000012879755,1.0943288,20230101,20231231
11.95000008300287,41.75000012879755,0.9950411,20230101,20231231
12.050000077278533,41.75000012879755,1.0425342,20230101,20231231
12.150000071554198,41.75000012879755,1.1702603,20230101,20231231
12.250000065829862,41.75000012879755,1.5056164,20230101,20231231
12.350000060105527,41.75000012879755,1.5440959,20230101,20231231
12.450000054381192,41.75000012879755,1.5078492,20230101,20231231
12.550000048656855,41.75000012879755,1.6588355,20230101,20231231
12.65000004293252,41.75000012879755,1.6919863,20230101,20231231
12.750000037208185,41.75000012879755,1.8358904,20230101,20231231
12.85000003148385,41.75000012879755,1.8440684,20230101,20231231
12.950000025759515,41.75000012879755,1.9294931,20230101,20231231
13.050000020035178,41.75000012879755,1.9936575,20230101,20231231
13.150000014310843,41.75000012879755,1.9238492,20230101,20231231
13.250000008586508,41.75000012879755,1.9907396,20230101,20231231
13.350000002862172,41.75000012879755,2.0191917,20230101,20231231
13.449999997137837,41.75000012879755,2.092945,20230101,20231231
13.5499999914135,41.75000012879755,2.2018905,20230101,20231231
13.649999985689165,41.75000012879755,2.110863,20230101,20231231
13.74999997996483,41.75000012879755,2.1786163,20230101,20231231
13.849999974240495,41.75000012879755,2.1223423,20230101,20231231
13.94999996851616,41.75000012879755,2.1849315,20230101,20231231
14.049999962791823,41.75000012879755,2.2789314,20230101,20231231
14.14999995706749,41.75000012879755,2.2939177,20230101,20231231
14.249999951343153,41.75000012879755,2.2942739,20230101,20231231
14.349999945618817,41.75000012879755,2.3387396,20230101,20231231
14.449999939894482,41.75000012879755,2.3815205,20230101,20231231
14.549999934170145,41.75000012879755,2.213548,20230101,20231231
14.649999928445812,41.75000012879755,2.0100548,20230101,20231231
14.749999922721475,41.75000012879755,1.9776164,20230101,20231231
14.84999991699714,41.75000012879755,1.9365479,20230101,20231231
14.949999911272805,41.75000012879755,1.7840273,20230101,20231231
10.050000191765243,41.65000013452188,1.2055753,20230101,20231231
10.150000186040907,41.65000013452188,1.1672192,20230101,20231231
10.250000180316572,41.65000013452188,1.1387671,20230101,20231231
10.350000174592237,41.65000013452188,1.0417671,20230101,20231231
10.450000168867902,41.65000013452188,1.1721095,20230101,20231231
10.550000163143565,41.65000013452188,1.1056849,20230101,20231231
10.65000015741923,41.65000013452188,0.99145204,20230101,20231231
10.750000151694895,41.65000013452188,1.1156164,20230101,20231231
10.85000014597056,41.65000013452188,1.1700137,20230101,20231231
10.950000140246225,41.65000013452188,1.1620959,20230101,20231231
11.050000134521888,41.65000013452188,1.0820136,20230101,20231231
11.150000128797553,41.65000013452188,0.94463015,20230101,20231231
11.250000123073217,41.65000013452188,0.95031506,20230101,20231231
11.350000117348882,41.65000013452188,1.0048356,20230101,20231231
11.450000111624547,41.65000013452188,1.1613972,20230101,20231231
11.55000010590021,41.65000013452188,1.1005342,20230101,20231231
11.650000100175875,41.65000013452188,0.9768082,20230101,20231231
11.75000009445154,41.65000013452188,1.1177945,20230101,20231231
11.850000088727205,41.65000013452188,1.0237397,20230101,20231231
11.95000008300287,41.65000013452188,1.0276301,20230101,20231231
12.050000077278533,41.65000013452188,1.0636164,20230101,20231231
12.150000071554198,41.65000013452188,1.161,20230101,20231231
12.250000065829862,41.65000013452188,1.1423562,20230101,20231231
12.350000060105527,41.65000013452188,1.4544657,20230101,20231231
12.450000054381192,41.65000013452188,1.5453287,20230101,20231231
12.550000048656855,41.65000013452188,1.7409315,20230101,20231231
12.65000004293252,41.65000013452188,1.7569315,20230101,20231231
12.750000037208185,41.65000013452188,1.7912875,20230101,20231231
12.85000003148385,41.65000013452188,1.8970137,20230101,20231231
12.950000025759515,41.65000013452188,1.8683835,20230101,20231231
13.050000020035178,41.65000013452188,1.9883972,20230101,20231231
13.150000014310843,41.65000013452188,1.9418766,20230101,20231231
13.250000008586508,41.65000013452188,1.9546301,20230101,20231231
13.350000002862172,41.65000013452188,1.9386027,20230101,20231231
13.449999997137837,41.65000013452188,1.7984931,20230101,20231231
13.5499999914135,41.65000013452188,1.8465068,20230101,20231231
13.649999985689165,41.65000013452188,1.9725342,20230101,20231231
13.74999997996483,41.65000013452188,2.1323013,20230101,20231231
13.849999974240495,41.65000013452188,2.1831918,20230101,20231231
13.94999996851616,41.65000013452188,2.2846165,20230101,20231231
14.049999962791823,41.65000013452188,2.34737,20230101,20231231
14.14999995706749,41.65000013452188,2.4836302,20230101,20231231
14.249999951343153,41.65000013452188,2.3090684,20230101,20231231
14.349999945618817,41.65000013452188,2.5094244,20230101,20231231
14.449999939894482,41.65000013452188,2.6052055,20230101,20231231
14.549999934170145,41.65000013452188,2.5064108,20230101,20231231
14.649999928445812,41.65000013452188,2.1812875,20230101,20231231
14.749999922721475,41.65000013452188,1.9664246,20230101,20231231
14.84999991699714,41.65000013452188,2.0026164,20230101,20231231
14.949999911272805,41.65000013452188,1.9622191,20230101,20231231
10.050000191765243,41.55000014024622,1.1667945,20230101,20231231
10.150000186040907,41.55000014024622,1.2001917,20230101,20231231
10.250000180316572,41.55000014024622,1.0596712,20230101,20231231
10.350000174592237,41.55000014024622,0.98882186,20230101,20231231
10.450000168867902,41.55000014024622,1.0753561,20230101,20231231
10.550000163143565,41.55000014024622,1.0649178,20230101,20231231
10.65000015741923,41.55000014024622,0.9846027,20230101,20231231
10.750000151694895,41.55000014024622,1.1620822,20230101,20231231
10.85000014597056,41.55000014024622,1.1756986,20230101,20231231
10.950000140246225,41.55000014024622,1.1112055,20230101,20231231
11.050000134521888,41.55000014024622,1.1883287,20230101,20231231
11.150000128797553,41.55000014024622,1.2689726,20230101,20231231
11.250000123073217,41.55000014024622,1.0942191,20230101,20231231
11.350000117348882,41.55000014024622,1.0326849,20230101,20231231
11.450000111624547,41.55000014024622,1.0575342,20230101,20231231
11.55000010590021,41.55000014024622,1.0777946,20230101,20231231
11.650000100175875,41.55000014024622,1.0242877,20230101,20231231
11.75000009445154,41.55000014024622,1.0680958,20230101,20231231
11.850000088727205,41.55000014024622,1.0076712,20230101,20231231
11.95000008300287,41.55000014024622,1.0034384,20230101,20231231
12.050000077278533,41.55000014024622,1.0611095,20230101,20231231
12.150000071554198,41.55000014024622,1.1506848,20230101,20231231
12.250000065829862,41.55000014024622,1.2591232,20230101,20231231
12.350000060105527,41.55000014024622,1.2377397,20230101,20231231
12.450000054381192,41.55000014024622,1.4133288,20230101,20231231
12.550000048656855,41.55000014024622,1.7045753,20230101,20231231
12.65000004293252,41.55000014024622,1.8459041,20230101,20231231
12.750000037208185,41.55000014024622,2.031863,20230101,20231231
12.85000003148385,41.55000014024622,2.057041,20230101,20231231
12.950000025759515,41.55000014024622,2.0231369,20230101,20231231
13.050000020035178,41.55000014024622,1.9900273,20230101,20231231
13.150000014310843,41.55000014024622,2.0298493,20230101,20231231
13.250000008586508,41.55000014024622,2.0280685,20230101,20231231
13.350000002862172,41.55000014024622,1.9395479,20230101,20231231
13.449999997137837,41.55000014024622,1.9572191,20230101,20231231
13.5499999914135,41.55000014024622,1.9697397,20230101,20231231
13.649999985689165,41.55000014024622,1.9380411,20230101,20231231
13.74999997996483,41.55000014024622,2.2689452,20230101,20231231
13.849999974240495,41.55000014024622,2.1167943,20230101,20231231
13.94999996851616,41.55000014024622,2.3375206,20230101,20231231
14.049999962791823,41.55000014024622,2.155178,20230101,20231231
14.14999995706749,41.55000014024622,2.3112876,20230101,20231231
14.249999951343153,41.55000014024622,2.4700274,20230101,20231231
14.349999945618817,41.55000014024622,2.7847397,20230101,20231231
14.449999939894482,41.55000014024622,2.7604382,20230101,20231231
14.549999934170145,41.55000014024622,2.7695615,20230101,20231231
14.649999928445812,41.55000014024622,2.5434108,20230101,20231231
14.749999922721475,41.55000014024622,2.2915068,20230101,20231231
14.84999991699714,41.55000014024622,2.22,20230101,20231231
14.949999911272805,41.55000014024622,1.9924246,20230101,20231231
10.050000191765243,41.450000145970556,1.2270958,20230101,20231231
10.150000186040907,41.450000145970556,1.0602876,20230101,20231231
10.250000180316572,41.450000145970556,0.98567116,20230101,20231231
10.350000174592237,41.450000145970556,0.96420544,20230101,20231231
10.450000168867902,41.450000145970556,1.0299726,20230101,20231231
10.550000163143565,41.450000145970556,1.024767,20230101,20231231
10.65000015741923,41.450000145970556,0.9747123,20230101,20231231
10.750000151694895,41.450000145970556,0.9830959,20230101,20231231
10.85000014597056,41.450000145970556,1.158452,20230101,20231231
10.950000140246225,41.450000145970556,1.0120685,20230101,20231231
11.050000134521888,41.450000145970556,1.0639452,20230101,20231231
11.150000128797553,41.450000145970556,1.1902055,20230101,20231231
11.250000123073217,41.450000145970556,1.132137,20230101,20231231
11.350000117348882,41.450000145970556,0.9780959,20230101,20231231
11.450000111624547,41.450000145970556,0.93052053,20230101,20231231
11.55000010590021,41.450000145970556,0.9628493,20230101,20231231
11.650000100175875,41.450000145970556,0.9294657,20230101,20231231
11.75000009445154,41.450000145970556,0.94664377,20230101,20231231
11.850000088727205,41.450000145970556,0.976863,20230101,20231231
11.95000008300287,41.450000145970556,0.96835613,20230101,20231231
12.050000077278533,41.450000145970556,0.981726,20230101,20231231
12.150000071554198,41.450000145970556,1.1308492,20230101,20231231
12.250000065829862,41.450000145970556,1.2109041,20230101,20231231
12.350000060105527,41.450000145970556,1.2764246,20230101,20231231
12.450000054381192,41.450000145970556,1.4603424,20230101,20231231
12.550000048656855,41.450000145970556,1.6237671,20230101,20231231
12.65000004293252,41.450000145970556,1.8430685,20230101,20231231
12.750000037208185,41.450000145970556,1.9332192,20230101,20231231
12.85000003148385,41.450000145970556,2.0887535,20230101,20231231
12.950000025759515,41.450000145970556,2.2032602,20230101,20231231
13.050000020035178,41.450000145970556,2.1690822,20230101,20231231
13.150000014310843,41.450000145970556,2.0488904,20230101,20231231
13.250000008586508,41.450000145970556,2.1202192,20230101,20231231
13.350000002862172,41.450000145970556,2.1014109,20230101,20231231
13.449999997137837,41.450000145970556,2.1379178,20230101,20231231
13.5499999914135,41.450000145970556,2.128589,20230101,20231231
13.649999985689165,41.450000145970556,2.2459314,20230101,20231231
13.74999997996483,41.450000145970556,2.217411,20230101,20231231
13.849999974240495,41.450000145970556,2.3072329,20230101,20231231
13.94999996851616,41.450000145970556,2.3228629,20230101,20231231
14.049999962791823,41.450000145970556,2.1911368,20230101,20231231
14.14999995706749,41.450000145970556,2.2939725,20230101,20231231
14.249999951343153,41.450000145970556,2.318096,20230101,20231231
14.349999945618817,41.450000145970556,2.5691507,20230101,20231231
14.449999939894482,41.450000145970556,2.9055614,20230101,20231231
14.549999934170145,41.450000145970556,2.869233,20230101,20231231
14.649999928445812,41.450000145970556,2.704959,20230101,20231231
14.749999922721475,41.450000145970556,2.5806437,20230101,20231231
14.84999991699714,41.450000145970556,2.4706163,20230101,20231231
14.949999911272805,41.450000145970556,2.20863,20230101,20231231
10.050000191765243,41.35000015169489,1.1080137,20230101,20231231
10.150000186040907,41.35000015169489,1.0918766,20230101,20231231
10.250000180316572,41.35000015169489,1.0195754,20230101,20231231
10.350000174592237,41.35000015169489,0.948726,20230101,20231231
10.450000168867902,41.35000015169489,0.97797257,20230101,20231231
10.550000163143565,41.35000015169489,0.9981507,20230101,20231231
10.65000015741923,41.35000015169489,0.9258904,20230101,20231231
10.750000151694895,41.35000015169489,0.8942465,20230101,20231231
10.85000014597056,41.35000015169489,0.881589,20230101,20231231
10.950000140246225,41.35000015169489,0.9518356,20230101,20231231
11.050000134521888,41.35000015169489,0.95909584,20230101,20231231
11.150000128797553,41.35000015169489,0.9886986,20230101,20231231
11.250000123073217,41.35000015169489,0.94045204,20230101,20231231
11.350000117348882,41.35000015169489,0.9629041,20230101,20231231
11.450000111624547,41.35000015169489,0.9869178,20230101,20231231
11.55000010590021,41.35000015169489,0.9500822,20230101,20231231
11.650000100175875,41.35000015169489,0.96039724,20230101,20231231
11.75000009445154,41.35000015169489,0.927,20230101,20231231
11.850000088727205,41.35000015169489,0.9329589,20230101,20231231
11.95000008300287,41.35000015169489,0.9781643,20230101,20231231
12.050000077278533,41.35000015169489,1.0528766,20230101,20231231
12.150000071554198,41.35000015169489,1.1837397,20230101,20231231
12.250000065829862,41.35000015169489,1.1750137,20230101,20231231
12.350000060105527,41.35000015169489,1.2036438,20230101,20231231
12.450000054381192,41.35000015169489,1.3626164,20230101,20231231
12.550000048656855,41.35000015169489,1.5203288,20230101,20231231
12.65000004293252,41.35000015169489,1.5220548,20230101,20231231
12.750000037208185,41.35000015169489,1.8766575,20230101,20231231
12.85000003148385,41.35000015169489,1.9165069,20230101,20231231
12.950000025759515,41.35000015169489,1.9430274,20230101,20231231
13.050000020035178,41.35000015169489,1.9772054,20230101,20231231
13.150000014310843,41.35000015169489,2.0740411,20230101,20231231
13.250000008586508,41.35000015169489,1.9766301,20230101,20231231
13.350000002862172,41.35000015169489,2.0486302,20230101,20231231
13.449999997137837,41.35000015169489,2.131767,20230101,20231231
13.5499999914135,41.35000015169489,2.1400273,20230101,20231231
13.649999985689165,41.35000015169489,2.4417944,20230101,20231231
13.74999997996483,41.35000015169489,2.2075617,20230101,20231231
13.849999974240495,41.35000015169489,2.256041,20230101,20231231
13.94999996851616,41.35000015169489,2.305356,20230101,20231231
14.049999962791823,41.35000015169489,2.3700957,20230101,20231231
14.14999995706749,41.35000015169489,2.2668357,20230101,20231231
14.249999951343153,41.35000015169489,2.2677534,20230101,20231231
14.349999945618817,41.35000015169489,2.5066302,20230101,20231231
14.449999939894482,41.35000015169489,2.6727397,20230101,20231231
14.549999934170145,41.35000015169489,2.7649724,20230101,20231231
14.649999928445812,41.35000015169489,2.851863,20230101,20231231
14.749999922721475,41.35000015169489,2.5545478,20230101,20231231
14.84999991699714,41.35000015169489,2.4053698,20230101,20231231
14.949999911272805,41.35000015169489,2.2342055,20230101,20231231
10.050000191765243,41.25000015741922,1.1999452,20230101,20231231
10.150000186040907,41.25000015741922,1.2651781,20230101,20231231
10.250000180316572,41.25000015741922,1.1021233,20230101,20231231
10.350000174592237,41.25000015741922,1.0323561,20230101,20231231
10.450000168867902,41.25000015741922,1.0126987,20230101,20231231
10.550000163143565,41.25000015741922,0.95138353,20230101,20231231
10.65000015741923,41.25000015741922,0.90439725,20230101,20231231
10.750000151694895,41.25000015741922,0.9202192,20230101,20231231
10.85000014597056,41.25000015741922,0.9353288,20230101,20231231
10.950000140246225,41.25000015741922,0.8561507,20230101,20231231
11.050000134521888,41.25000015741922,0.88157535,20230101,20231231
11.150000128797553,41.25000015741922,0.8505616,20230101,20231231
11.250000123073217,41.25000015741922,0.8852603,20230101,20231231
11.350000117348882,41.25000015741922,0.9646849,20230101,20231231
11.450000111624547,41.25000015741922,0.9672054,20230101,20231231
11.55000010590021,41.25000015741922,0.94554794,20230101,20231231
11.650000100175875,41.25000015741922,0.9386301,20230101,20231231
11.75000009445154,41.25000015741922,0.98546576,20230101,20231231
11.850000088727205,41.25000015741922,0.9847534,20230101,20231231
11.95000008300287,41.25000015741922,1.0867397,20230101,20231231
12.050000077278533,41.25000015741922,1.125315,20230101,20231231
12.150000071554198,41.25000015741922,1.1848081,20230101,20231231
12.250000065829862,41.25000015741922,1.2893835,20230101,20231231
12.350000060105527,41.25000015741922,1.3188356,20230101,20231231
12.450000054381192,41.25000015741922,1.3579999,20230101,20231231
12.550000048656855,41.25000015741922,1.482589,20230101,20231231
12.65000004293252,41.25000015741922,1.5769315,20230101,20231231
12.750000037208185,41.25000015741922,1.6497123,20230101,20231231
12.85000003148385,41.25000015741922,1.8531096,20230101,20231231
12.950000025759515,41.25000015741922,1.7979451,20230101,20231231
13.050000020035178,41.25000015741922,2.1682465,20230101,20231231
13.150000014310843,41.25000015741922,2.1540823,20230101,20231231
13.250000008586508,41.25000015741922,1.9964383,20230101,20231231
13.350000002862172,41.25000015741922,2.1072876,20230101,20231231
13.449999997137837,41.25000015741922,2.160808,20230101,20231231
13.5499999914135,41.25000015741922,2.2253973,20230101,20231231
13.649999985689165,41.25000015741922,2.3170137,20230101,20231231
13.74999997996483,41.25000015741922,2.274178,20230101,20231231
13.849999974240495,41.25000015741922,2.3478355,20230101,20231231
13.94999996851616,41.25000015741922,2.5092738,20230101,20231231
14.049999962791823,41.25000015741922,2.590822,20230101,20231231
14.14999995706749,41.25000015741922,2.6753423,20230101,20231231
14.249999951343153,41.25000015741922,2.7050683,20230101,20231231
14.349999945618817,41.25000015741922,2.7676575,20230101,20231231
14.449999939894482,41.25000015741922,2.7363834,20230101,20231231
14.549999934170145,41.25000015741922,2.8000684,20230101,20231231
14.649999928445812,41.25000015741922,2.6363287,20230101,20231231
14.749999922721475,41.25000015741922,2.4963973,20230101,20231231
14.84999991699714,41.25000015741922,2.360137,20230101,20231231
14.949999911272805,41.25000015741922,2.2078354,20230101,20231231
10.050000191765243,41.15000016314356,1.3346164,20230101,20231231
10.150000186040907,41.15000016314356,1.2783014,20230101,20231231
10.250000180316572,41.15000016314356,1.1448904,20230101,20231231
10.350000174592237,41.15000016314356,1.0757259,20230101,20231231
10.450000168867902,41.15000016314356,1.0454246,20230101,20231231
10.550000163143565,41.15000016314356,0.9698904,20230101,20231231
10.65000015741923,41.15000016314356,0.97854793,20230101,20231231
10.750000151694895,41.15000016314356,0.9708767,20230101,20231231
10.85000014597056,41.15000016314356,0.9627123,20230101,20231231
10.950000140246225,41.15000016314356,0.9950822,20230101,20231231
11.050000134521888,41.15000016314356,0.9859589,20230101,20231231
11.150000128797553,41.15000016314356,0.8519041,20230101,20231231
11.250000123073217,41.15000016314356,0.9660411,20230101,20231231
11.350000117348882,41.15000016314356,0.99556166,20230101,20231231
11.450000111624547,41.15000016314356,0.9994794,20230101,20231231
11.55000010590021,41.15000016314356,0.9764795,20230101,20231231
11.650000100175875,41.15000016314356,0.9681507,20230101,20231231
11.75000009445154,41.15000016314356,0.9884657,20230101,20231231
11.850000088727205,41.15000016314356,1.0752876,20230101,20231231
11.95000008300287,41.15000016314356,1.1563835,20230101,20231231
12.050000077278533,41.15000016314356,1.2313561,20230101,20231231
12.150000071554198,41.15000016314356,1.2431643,20230101,20231231
12.250000065829862,41.15000016314356,1.2514794,20230101,20231231
12.350000060105527,41.15000016314356,1.3399452,20230101,20231231
12.450000054381192,41.15000016314356,1.3483013,20230101,20231231
12.550000048656855,41.15000016314356,1.4909178,20230101,20231231
12.65000004293252,41.15000016314356,1.4886163,20230101,20231231
12.750000037208185,41.15000016314356,1.643863,20230101,20231231
12.85000003148385,41.15000016314356,1.7463014,20230101,20231231
12.950000025759515,41.15000016314356,1.774315,20230101,20231231
13.050000020035178,41.15000016314356,1.7911644,20230101,20231231
13.150000014310843,41.15000016314356,1.7403424,20230101,20231231
13.250000008586508,41.15000016314356,1.7174246,20230101,20231231
13.350000002862172,41.15000016314356,1.8925617,20230101,20231231
13.449999997137837,41.15000016314356,2.044904,20230101,20231231
13.5499999914135,41.15000016314356,2.0412877,20230101,20231231
13.649999985689165,41.15000016314356,2.0611506,20230101,20231231
13.74999997996483,41.15000016314356,2.206137,20230101,20231231
13.849999974240495,41.15000016314356,2.3865478,20230101,20231231
13.94999996851616,41.15000016314356,2.4506848,20230101,20231231
14.049999962791823,41.15000016314356,2.6408768,20230101,20231231
14.14999995706749,41.15000016314356,2.7575753,20230101,20231231
14.249999951343153,41.15000016314356,2.7003562,20230101,20231231
14.349999945618817,41.15000016314356,2.664315,20230101,20231231
14.449999939894482,41.15000016314356,2.744685,20230101,20231231
14.549999934170145,41.15000016314356,2.9076986,20230101,20231231
14.649999928445812,41.15000016314356,2.767178,20230101,20231231
14.749999922721475,41.15000016314356,2.593411,20230101,20231231
14.84999991699714,41.15000016314356,2.3280137,20230101,20231231
14.949999911272805,41.15000016314356,2.224315,20230101,20231231
10.050000191765243,41.050000168867896,1.2699177,20230101,20231231
10.150000186040907,41.050000168867896,1.2218356,20230101,20231231
10.250000180316572,41.050000168867896,1.0982329,20230101,20231231
10.350000174592237,41.050000168867896,1.0942055,20230101,20231231
10.450000168867902,41.050000168867896,1.0411233,20230101,20231231
10.550000163143565,41.050000168867896,0.9385616,20230101,20231231
10.65000015741923,41.050000168867896,0.94961643,20230101,20231231
10.750000151694895,41.050000168867896,0.91806847,20230101,20231231
10.85000014597056,41.050000168867896,0.91856164,20230101,20231231
10.950000140246225,41.050000168867896,0.97967124,20230101,20231231
11.050000134521888,41.050000168867896,1.0103699,20230101,20231231
11.150000128797553,41.050000168867896,0.9056849,20230101,20231231
11.250000123073217,41.050000168867896,1.0142739,20230101,20231231
11.350000117348882,41.050000168867896,1.0471233,20230101,20231231
11.450000111624547,41.050000168867896,1.0522054,20230101,20231231
11.55000010590021,41.050000168867896,0.98382187,20230101,20231231
11.650000100175875,41.050000168867896,1.017452,20230101,20231231
11.75000009445154,41.050000168867896,1.018863,20230101,20231231
11.850000088727205,41.050000168867896,1.0222603,20230101,20231231
11.95000008300287,41.050000168867896,1.1023288,20230101,20231231
12.050000077278533,41.050000168867896,1.2029451,20230101,20231231
12.150000071554198,41.050000168867896,1.2753699,20230101,20231231
12.250000065829862,41.050000168867896,1.2600821,20230101,20231231
12.350000060105527,41.050000168867896,1.279863,20230101,20231231
12.450000054381192,41.050000168867896,1.4101644,20230101,20231231
12.550000048656855,41.050000168867896,1.6238767,20230101,20231231
12.65000004293252,41.050000168867896,1.638315,20230101,20231231
12.750000037208185,41.050000168867896,1.6772192,20230101,20231231
12.85000003148385,41.050000168867896,1.7568767,20230101,20231231
12.950000025759515,41.050000168867896,1.7378492,20230101,20231231
13.050000020035178,41.050000168867896,1.7438356,20230101,20231231
13.150000014310843,41.050000168867896,1.7819451,20230101,20231231
13.250000008586508,41.050000168867896,1.7928766,20230101,20231231
13.350000002862172,41.050000168867896,1.9297533,20230101,20231231
13.449999997137837,41.050000168867896,1.9771644,20230101,20231231
13.5499999914135,41.050000168867896,2.0448081,20230101,20231231
13.649999985689165,41.050000168867896,2.0045204,20230101,20231231
13.74999997996483,41.050000168867896,2.1334794,20230101,20231231
13.849999974240495,41.050000168867896,2.1871643,20230101,20231231
13.94999996851616,41.050000168867896,2.3861916,20230101,20231231
14.049999962791823,41.050000168867896,2.5146165,20230101,20231231
14.14999995706749,41.050000168867896,2.6444247,20230101,20231231
14.249999951343153,41.050000168867896,2.8654656,20230101,20231231
14.349999945618817,41.050000168867896,2.8800821,20230101,20231231
14.449999939894482,41.050000168867896,2.9330137,20230101,20231231
14.549999934170145,41.050000168867896,2.962041,20230101,20231231
14.649999928445812,41.050000168867896,2.7143562,20230101,20231231
14.749999922721475,41.050000168867896,2.651863,20230101,20231231
14.84999991699714,41.050000168867896,2.5409453,20230101,20231231
14.949999911272805,41.050000168867896,2.4321506,20230101,20231231
