latitude,longitude,mean,var
41.050000168867896,10.050000191765244,1.929,0.435
41.050000168867896,10.150000186040907,1.843,0.473
41.050000168867896,10.250000180316572,1.806,0.514
41.050000168867896,10.350000174592235,1.778,0.5
41.050000168867896,10.450000168867902,1.754,0.535
41.050000168867896,10.550000163143563,1.751,0.486
41.050000168867896,10.65000015741923,1.73,0.518
41.050000168867896,10.750000151694897,1.708,0.526
41.050000168867896,10.85000014597056,1.706,0.494
41.050000168867896,10.950000140246225,1.692,0.495
41.050000168867896,11.050000134521888,1.705,0.54
41.050000168867896,11.150000128797553,1.678,0.582
41.050000168867896,11.250000123073216,1.701,0.543
41.050000168867896,11.350000117348882,1.737,0.606
41.050000168867896,11.450000111624547,1.775,0.622
41.050000168867896,11.55000010590021,1.755,0.598
41.050000168867896,11.650000100175877,1.759,0.591
41.050000168867896,11.75000009445154,1.741,0.557
41.050000168867896,11.850000088727205,1.768,0.607
41.050000168867896,11.95000008300287,1.856,0.647
41.050000168867896,12.050000077278533,1.95,0.688
41.050000168867896,12.150000071554198,1.977,0.508
41.050000168867896,12.250000065829862,2.083,0.587
41.050000168867896,12.350000060105527,2.099,0.498
41.050000168867896,12.450000054381192,2.219,0.571
41.050000168867896,12.550000048656855,2.22,0.537
41.050000168867896,12.65000004293252,2.317,0.703
41.050000168867896,12.750000037208183,2.381,0.752
41.050000168867896,12.85000003148385,2.508,0.83
41.050000168867896,12.950000025759516,2.537,0.715
41.050000168867896,13.050000020035178,2.529,0.702
41.050000168867896,13.150000014310844,2.576,0.63
41.050000168867896,13.250000008586508,2.537,0.651
41.050000168867896,13.350000002862172,2.619,0.639
41.050000168867896,13.449999997137835,2.614,0.492
41.050000168867896,13.5499999914135,2.715,0.508
41.050000168867896,13.649999985689163,2.784,0.722
41.050000168867896,13.74999997996483,2.872,0.73
41.050000168867896,13.849999974240497,2.823,0.661
41.050000168867896,13.94999996851616,2.921,0.548
41.050000168867896,14.049999962791825,3.025,0.545
41.050000168867896,14.14999995706749,3.113,0.622
41.050000168867896,14.249999951343153,3.188,0.578
41.050000168867896,14.349999945618816,3.209,0.561
41.050000168867896,14.449999939894482,3.206,0.627
41.050000168867896,14.549999934170144,3.15,0.513
41.050000168867896,14.649999928445812,3.133,0.471
41.050000168867896,14.749999922721477,3.045,0.508
41.050000168867896,14.84999991699714,2.914,0.435
41.050000168867896,14.949999911272805,2.771,0.35
41.15000016314356,10.050000191765244,1.937,0.408
41.15000016314356,10.150000186040907,1.901,0.469
41.15000016314356,10.250000180316572,1.858,0.577
41.15000016314356,10.350000174592235,1.825,0.569
41.15000016314356,10.450000168867902,1.771,0.569
41.15000016314356,10.550000163143563,1.742,0.535
41.15000016314356,10.65000015741923,1.687,0.504
41.15000016314356,10.750000151694897,1.653,0.418
41.15000016314356,10.85000014597056,1.71,0.526
41.15000016314356,10.950000140246225,1.704,0.463
41.15000016314356,11.050000134521888,1.735,0.579
41.15000016314356,11.150000128797553,1.692,0.618
41.15000016314356,11.250000123073216,1.69,0.59
41.15000016314356,11.350000117348882,1.755,0.675
41.15000016314356,11.450000111624547,1.786,0.676
41.15000016314356,11.55000010590021,1.82,0.695
41.15000016314356,11.650000100175877,1.794,0.643
41.15000016314356,11.75000009445154,1.812,0.653
41.15000016314356,11.850000088727205,1.815,0.562
41.15000016314356,11.95000008300287,1.895,0.586
41.15000016314356,12.050000077278533,1.986,0.639
41.15000016314356,12.150000071554198,2.023,0.525
41.15000016314356,12.250000065829862,2.077,0.483
41.15000016314356,12.350000060105527,2.133,0.477
41.15000016314356,12.450000054381192,2.204,0.538
41.15000016314356,12.550000048656855,2.253,0.572
41.15000016314356,12.65000004293252,2.289,0.711
41.15000016314356,12.750000037208183,2.4,0.795
41.15000016314356,12.85000003148385,2.523,0.892
41.15000016314356,12.950000025759516,2.675,0.994
41.15000016314356,13.050000020035178,2.718,0.846
41.15000016314356,13.150000014310844,2.423,0.491
41.15000016314356,13.250000008586508,2.452,0.453
41.15000016314356,13.350000002862172,2.508,0.45
41.15000016314356,13.449999997137835,2.574,0.504
41.15000016314356,13.5499999914135,2.602,0.561
41.15000016314356,13.649999985689163,2.691,0.65
41.15000016314356,13.74999997996483,2.861,0.877
41.15000016314356,13.849999974240497,2.982,0.794
41.15000016314356,13.94999996851616,3.057,0.734
41.15000016314356,14.049999962791825,3.098,0.669
41.15000016314356,14.14999995706749,3.14,0.643
41.15000016314356,14.249999951343153,3.156,0.623
41.15000016314356,14.349999945618816,3.194,0.68
41.15000016314356,14.449999939894482,3.231,0.496
41.15000016314356,14.549999934170144,3.153,0.492
41.15000016314356,14.649999928445812,3.084,0.542
41.15000016314356,14.749999922721477,3.028,0.54
41.15000016314356,14.84999991699714,2.849,0.512
41.15000016314356,14.949999911272805,2.738,0.544
41.25000015741922,10.050000191765244,1.878,0.433
41.25000015741922,10.150000186040907,1.855,0.46
41.25000015741922,10.250000180316572,1.821,0.49
41.25000015741922,10.350000174592235,1.773,0.478
41.25000015741922,10.450000168867902,1.737,0.489
41.25000015741922,10.550000163143563,1.69,0.445
41.25000015741922,10.65000015741923,1.649,0.399
41.25000015741922,10.750000151694897,1.65,0.442
41.25000015741922,10.85000014597056,1.688,0.474
41.25000015741922,10.950000140246225,1.67,0.52
41.25000015741922,11.050000134521888,1.727,0.662
41.25000015741922,11.150000128797553,1.72,0.634
41.25000015741922,11.250000123073216,1.682,0.564
41.25000015741922,11.350000117348882,1.757,0.617
41.25000015741922,11.450000111624547,1.802,0.666
41.25000015741922,11.55000010590021,1.838,0.662
41.25000015741922,11.650000100175877,1.831,0.68
41.25000015741922,11.75000009445154,1.851,0.639
41.25000015741922,11.850000088727205,1.869,0.615
41.25000015741922,11.95000008300287,1.923,0.607
41.25000015741922,12.050000077278533,2.01,0.635
41.25000015741922,12.150000071554198,2.057,0.616
41.25000015741922,12.250000065829862,2.112,0.468
41.25000015741922,12.350000060105527,2.187,0.531
41.25000015741922,12.450000054381192,2.228,0.51
41.25000015741922,12.550000048656855,2.314,0.604
41.25000015741922,12.65000004293252,2.384,0.633
41.25000015741922,12.750000037208183,2.431,0.846
41.25000015741922,12.85000003148385,2.573,0.907
41.25000015741922,12.950000025759516,2.374,0.647
41.25000015741922,13.050000020035178,2.558,0.557
41.25000015741922,13.150000014310844,2.592,0.521
41.25000015741922,13.250000008586508,2.607,0.532
41.25000015741922,13.350000002862172,2.677,0.567
41.25000015741922,13.449999997137835,2.749,0.647
41.25000015741922,13.5499999914135,2.858,0.807
41.25000015741922,13.649999985689163,2.96,0.9
41.25000015741922,13.74999997996483,2.988,0.959
41.25000015741922,13.849999974240497,3.046,0.961
41.25000015741922,13.94999996851616,3.093,0.876
41.25000015741922,14.049999962791825,3.119,0.784
41.25000015741922,14.14999995706749,3.125,0.784
41.25000015741922,14.249999951343153,3.139,0.641
41.25000015741922,14.349999945618816,3.226,0.666
41.25000015741922,14.449999939894482,3.207,0.587
41.25000015741922,14.549999934170144,3.121,0.577
41.25000015741922,14.649999928445812,3.039,0.608
41.25000015741922,14.749999922721477,2.942,0.53
41.25000015741922,14.84999991699714,2.789,0.416
41.25000015741922,14.949999911272805,2.585,0.392
41.35000015169489,10.050000191765244,1.82,0.389
41.35000015169489,10.150000186040907,1.816,0.468
41.35000015169489,10.250000180316572,1.755,0.416
41.35000015169489,10.350000174592235,1.712,0.389
41.35000015169489,10.450000168867902,1.694,0.386
41.35000015169489,10.550000163143563,1.666,0.38
41.35000015169489,10.65000015741923,1.627,0.35
41.35000015169489,10.750000151694897,1.643,0.452
41.35000015169489,10.85000014597056,1.668,0.429
41.35000015169489,10.950000140246225,1.708,0.513
41.35000015169489,11.050000134521888,1.705,0.533
41.35000015169489,11.150000128797553,1.725,0.555
41.35000015169489,11.250000123073216,1.72,0.587
41.35000015169489,11.350000117348882,1.761,0.676
41.35000015169489,11.450000111624547,1.78,0.663
41.35000015169489,11.55000010590021,1.834,0.689
41.35000015169489,11.650000100175877,1.887,0.714
41.35000015169489,11.75000009445154,1.877,0.684
41.35000015169489,11.850000088727205,1.881,0.644
41.35000015169489,11.95000008300287,1.924,0.608
41.35000015169489,12.050000077278533,1.993,0.621
41.35000015169489,12.150000071554198,2.062,0.502
41.35000015169489,12.250000065829862,2.083,0.548
41.35000015169489,12.350000060105527,2.112,0.539
41.35000015169489,12.450000054381192,2.251,0.584
41.35000015169489,12.550000048656855,2.4,0.646
41.35000015169489,12.65000004293252,2.216,0.561
41.35000015169489,12.750000037208183,2.415,0.704
41.35000015169489,12.85000003148385,2.478,0.717
41.35000015169489,12.950000025759516,2.555,0.734
41.35000015169489,13.050000020035178,2.59,0.595
41.35000015169489,13.150000014310844,2.645,0.477
41.35000015169489,13.250000008586508,2.708,0.516
41.35000015169489,13.350000002862172,2.739,0.576
41.35000015169489,13.449999997137835,2.853,0.647
41.35000015169489,13.5499999914135,2.928,0.728
41.35000015169489,13.649999985689163,3.08,0.851
41.35000015169489,13.74999997996483,3.048,0.882
41.35000015169489,13.849999974240497,3.071,0.852
41.35000015169489,13.94999996851616,3.062,0.798
41.35000015169489,14.049999962791825,3.102,0.813
41.35000015169489,14.14999995706749,3.08,0.822
41.35000015169489,14.249999951343153,3.081,0.702
41.35000015169489,14.349999945618816,3.154,0.696
41.35000015169489,14.449999939894482,3.244,0.635
41.35000015169489,14.549999934170144,3.17,0.586
41.35000015169489,14.649999928445812,3.087,0.539
41.35000015169489,14.749999922721477,2.892,0.466
41.35000015169489,14.84999991699714,2.701,0.395
41.35000015169489,14.949999911272805,2.503,0.295
41.45000014597056,10.050000191765244,1.857,0.37
41.45000014597056,10.150000186040907,1.787,0.328
41.45000014597056,10.250000180316572,1.74,0.338
41.45000014597056,10.350000174592235,1.697,0.318
41.45000014597056,10.450000168867902,1.653,0.323
41.45000014597056,10.550000163143563,1.654,0.317
41.45000014597056,10.65000015741923,1.639,0.372
41.45000014597056,10.750000151694897,1.649,0.377
41.45000014597056,10.85000014597056,1.706,0.394
41.45000014597056,10.950000140246225,1.692,0.48
41.45000014597056,11.050000134521888,1.709,0.529
41.45000014597056,11.150000128797553,1.739,0.547
41.45000014597056,11.250000123073216,1.766,0.575
41.45000014597056,11.350000117348882,1.779,0.666
41.45000014597056,11.450000111624547,1.809,0.683
41.45000014597056,11.55000010590021,1.853,0.703
41.45000014597056,11.650000100175877,1.872,0.62
41.45000014597056,11.75000009445154,1.925,0.687
41.45000014597056,11.850000088727205,1.948,0.689
41.45000014597056,11.95000008300287,2.007,0.682
41.45000014597056,12.050000077278533,2.0,0.601
41.45000014597056,12.150000071554198,2.005,0.542
41.45000014597056,12.250000065829862,2.099,0.495
41.45000014597056,12.350000060105527,2.157,0.498
41.45000014597056,12.450000054381192,2.352,0.552
41.45000014597056,12.550000048656855,2.152,0.469
41.45000014597056,12.65000004293252,2.386,0.626
41.45000014597056,12.750000037208183,2.507,0.651
41.45000014597056,12.85000003148385,2.616,0.674
41.45000014597056,12.950000025759516,2.662,0.723
41.45000014597056,13.050000020035178,2.644,0.566
41.45000014597056,13.150000014310844,2.647,0.609
41.45000014597056,13.250000008586508,2.721,0.566
41.45000014597056,13.350000002862172,2.797,0.587
41.45000014597056,13.449999997137835,2.896,0.644
41.45000014597056,13.5499999914135,2.938,0.609
41.45000014597056,13.649999985689163,3.021,0.718
41.45000014597056,13.74999997996483,3.066,0.814
41.45000014597056,13.849999974240497,3.066,0.711
41.45000014597056,13.94999996851616,3.093,0.786
41.45000014597056,14.049999962791825,3.089,0.882
41.45000014597056,14.14999995706749,3.069,0.829
41.45000014597056,14.249999951343153,3.072,0.74
41.45000014597056,14.349999945618816,3.19,0.788
41.45000014597056,14.449999939894482,3.28,0.662
41.45000014597056,14.549999934170144,3.199,0.613
41.45000014597056,14.649999928445812,3.055,0.481
41.45000014597056,14.749999922721477,2.839,0.44
41.45000014597056,14.84999991699714,2.661,0.368
41.45000014597056,14.949999911272805,2.4,0.301
41.55000014024622,10.050000191765244,1.819,0.268
41.55000014024622,10.150000186040907,1.805,0.266
41.55000014024622,10.250000180316572,1.724,0.265
41.55000014024622,10.350000174592235,1.695,0.299
41.55000014024622,10.450000168867902,1.676,0.322
41.55000014024622,10.550000163143563,1.673,0.305
41.55000014024622,10.65000015741923,1.646,0.336
41.55000014024622,10.750000151694897,1.675,0.302
41.55000014024622,10.85000014597056,1.696,0.363
41.55000014024622,10.950000140246225,1.691,0.451
41.55000014024622,11.050000134521888,1.751,0.492
41.55000014024622,11.150000128797553,1.818,0.538
41.55000014024622,11.250000123073216,1.77,0.549
41.55000014024622,11.350000117348882,1.767,0.56
41.55000014024622,11.450000111624547,1.846,0.543
41.55000014024622,11.55000010590021,1.883,0.564
41.55000014024622,11.650000100175877,1.906,0.561
41.55000014024622,11.75000009445154,1.987,0.609
41.55000014024622,11.850000088727205,1.964,0.592
41.55000014024622,11.95000008300287,2.057,0.549
41.55000014024622,12.050000077278533,2.022,0.517
41.55000014024622,12.150000071554198,2.047,0.466
41.55000014024622,12.250000065829862,2.21,0.495
41.55000014024622,12.350000060105527,2.033,0.399
41.55000014024622,12.450000054381192,2.308,0.515
41.55000014024622,12.550000048656855,2.424,0.52
41.55000014024622,12.65000004293252,2.54,0.583
41.55000014024622,12.750000037208183,2.629,0.653
41.55000014024622,12.85000003148385,2.67,0.675
41.55000014024622,12.950000025759516,2.669,0.797
41.55000014024622,13.050000020035178,2.618,0.741
41.55000014024622,13.150000014310844,2.646,0.636
41.55000014024622,13.250000008586508,2.696,0.666
41.55000014024622,13.350000002862172,2.758,0.598
41.55000014024622,13.449999997137835,2.801,0.651
41.55000014024622,13.5499999914135,2.906,0.618
41.55000014024622,13.649999985689163,2.918,0.613
41.55000014024622,13.74999997996483,3.031,0.599
41.55000014024622,13.849999974240497,2.995,0.633
41.55000014024622,13.94999996851616,3.061,0.631
41.55000014024622,14.049999962791825,3.0,0.69
41.55000014024622,14.14999995706749,3.003,0.641
41.55000014024622,14.249999951343153,2.996,0.573
41.55000014024622,14.349999945618816,3.06,0.617
41.55000014024622,14.449999939894482,3.112,0.579
41.55000014024622,14.549999934170144,3.016,0.426
41.55000014024622,14.649999928445812,2.778,0.35
41.55000014024622,14.749999922721477,2.606,0.29
41.55000014024622,14.84999991699714,2.448,0.246
41.55000014024622,14.949999911272805,2.387,0.284
41.65000013452188,10.050000191765244,1.851,0.297
41.65000013452188,10.150000186040907,1.789,0.274
41.65000013452188,10.250000180316572,1.786,0.276
41.65000013452188,10.350000174592235,1.687,0.289
41.65000013452188,10.450000168867902,1.657,0.268
41.65000013452188,10.550000163143563,1.653,0.29
41.65000013452188,10.65000015741923,1.645,0.361
41.65000013452188,10.750000151694897,1.668,0.33
41.65000013452188,10.85000014597056,1.685,0.316
41.65000013452188,10.950000140246225,1.702,0.393
41.65000013452188,11.050000134521888,1.738,0.509
41.65000013452188,11.150000128797553,1.759,0.626
41.65000013452188,11.250000123073216,1.738,0.549
41.65000013452188,11.350000117348882,1.75,0.503
41.65000013452188,11.450000111624547,1.847,0.472
41.65000013452188,11.55000010590021,1.854,0.481
41.65000013452188,11.650000100175877,1.888,0.571
41.65000013452188,11.75000009445154,1.977,0.576
41.65000013452188,11.850000088727205,1.94,0.574
41.65000013452188,11.95000008300287,1.96,0.443
41.65000013452188,12.050000077278533,1.997,0.444
41.65000013452188,12.150000071554198,2.122,0.499
41.65000013452188,12.250000065829862,2.053,0.443
41.65000013452188,12.350000060105527,2.301,0.495
41.65000013452188,12.450000054381192,2.425,0.582
41.65000013452188,12.550000048656855,2.516,0.599
41.65000013452188,12.65000004293252,2.562,0.693
41.65000013452188,12.750000037208183,2.628,0.738
41.65000013452188,12.85000003148385,2.683,0.774
41.65000013452188,12.950000025759516,2.626,0.75
41.65000013452188,13.050000020035178,2.664,0.756
41.65000013452188,13.150000014310844,2.695,0.699
41.65000013452188,13.250000008586508,2.772,0.746
41.65000013452188,13.350000002862172,2.731,0.58
41.65000013452188,13.449999997137835,2.748,0.59
41.65000013452188,13.5499999914135,2.802,0.615
41.65000013452188,13.649999985689163,2.848,0.583
41.65000013452188,13.74999997996483,2.859,0.623
41.65000013452188,13.849999974240497,2.948,0.827
41.65000013452188,13.94999996851616,3.095,0.874
41.65000013452188,14.049999962791825,3.073,0.87
41.65000013452188,14.14999995706749,3.028,0.712
41.65000013452188,14.249999951343153,2.949,0.741
41.65000013452188,14.349999945618816,2.993,0.642
41.65000013452188,14.449999939894482,2.958,0.532
41.65000013452188,14.549999934170144,2.797,0.466
41.65000013452188,14.649999928445812,2.551,0.305
41.65000013452188,14.749999922721477,2.342,0.325
41.65000013452188,14.84999991699714,2.243,0.228
41.65000013452188,14.949999911272805,2.226,0.257
41.75000012879755,10.050000191765244,1.803,0.244
41.75000012879755,10.150000186040907,1.764,0.316
41.75000012879755,10.250000180316572,1.794,0.326
41.75000012879755,10.350000174592235,1.715,0.287
41.75000012879755,10.450000168867902,1.684,0.251
41.75000012879755,10.550000163143563,1.697,0.276
41.75000012879755,10.65000015741923,1.671,0.335
41.75000012879755,10.750000151694897,1.636,0.354
41.75000012879755,10.85000014597056,1.665,0.376
41.75000012879755,10.950000140246225,1.723,0.429
41.75000012879755,11.050000134521888,1.74,0.426
41.75000012879755,11.150000128797553,1.731,0.552
41.75000012879755,11.250000123073216,1.699,0.541
41.75000012879755,11.350000117348882,1.726,0.513
41.75000012879755,11.450000111624547,1.8,0.567
41.75000012879755,11.55000010590021,1.869,0.627
41.75000012879755,11.650000100175877,1.95,0.689
41.75000012879755,11.75000009445154,1.986,0.736
41.75000012879755,11.850000088727205,2.008,0.618
41.75000012879755,11.95000008300287,2.052,0.565
41.75000012879755,12.050000077278533,2.113,0.605
41.75000012879755,12.150000071554198,2.075,0.472
41.75000012879755,12.250000065829862,2.309,0.465
41.75000012879755,12.350000060105527,2.408,0.525
41.75000012879755,12.450000054381192,2.471,0.604
41.75000012879755,12.550000048656855,2.576,0.635
41.75000012879755,12.65000004293252,2.568,0.692
41.75000012879755,12.750000037208183,2.663,0.758
41.75000012879755,12.85000003148385,2.649,0.764
41.75000012879755,12.950000025759516,2.689,0.751
41.75000012879755,13.050000020035178,2.705,0.829
41.75000012879755,13.150000014310844,2.72,0.745
41.75000012879755,13.250000008586508,2.72,0.699
41.75000012879755,13.350000002862172,2.763,0.542
41.75000012879755,13.449999997137835,2.803,0.511
41.75000012879755,13.5499999914135,2.798,0.483
41.75000012879755,13.649999985689163,2.848,0.571
41.75000012879755,13.74999997996483,2.901,0.65
41.75000012879755,13.849999974240497,2.962,0.91
41.75000012879755,13.94999996851616,2.983,0.889
41.75000012879755,14.049999962791825,3.101,0.913
41.75000012879755,14.14999995706749,3.003,0.787
41.75000012879755,14.249999951343153,2.964,0.798
41.75000012879755,14.349999945618816,2.905,0.589
41.75000012879755,14.449999939894482,2.856,0.472
41.75000012879755,14.549999934170144,2.642,0.389
41.75000012879755,14.649999928445812,2.417,0.377
41.75000012879755,14.749999922721477,2.278,0.27
41.75000012879755,14.84999991699714,2.154,0.247
41.75000012879755,14.949999911272805,2.088,0.238
41.850000123073215,10.050000191765244,1.774,0.301
41.850000123073215,10.150000186040907,1.749,0.312
41.850000123073215,10.250000180316572,1.739,0.365
41.850000123073215,10.350000174592235,1.73,0.34
41.850000123073215,10.450000168867902,1.679,0.322
41.850000123073215,10.550000163143563,1.682,0.364
41.850000123073215,10.65000015741923,1.655,0.335
41.850000123073215,10.750000151694897,1.683,0.34
41.850000123073215,10.85000014597056,1.686,0.354
41.850000123073215,10.950000140246225,1.7,0.37
41.850000123073215,11.050000134521888,1.728,0.485
41.850000123073215,11.150000128797553,1.742,0.555
41.850000123073215,11.250000123073216,1.738,0.535
41.850000123073215,11.350000117348882,1.76,0.563
41.850000123073215,11.450000111624547,1.861,0.653
41.850000123073215,11.55000010590021,1.887,0.675
41.850000123073215,11.650000100175877,2.015,0.847
41.850000123073215,11.75000009445154,2.054,0.765
41.850000123073215,11.850000088727205,2.114,0.737
41.850000123073215,11.95000008300287,2.151,0.631
41.850000123073215,12.050000077278533,2.143,0.528
41.850000123073215,12.150000071554198,2.407,0.453
41.850000123073215,12.250000065829862,2.406,0.503
41.850000123073215,12.350000060105527,2.432,0.543
41.850000123073215,12.450000054381192,2.548,0.609
41.850000123073215,12.550000048656855,2.617,0.675
41.850000123073215,12.65000004293252,2.633,0.687
41.850000123073215,12.750000037208183,2.653,0.657
41.850000123073215,12.85000003148385,2.657,0.711
41.850000123073215,12.950000025759516,2.661,0.753
41.850000123073215,13.050000020035178,2.686,0.761
41.850000123073215,13.150000014310844,2.652,0.646
41.850000123073215,13.250000008586508,2.732,0.462
41.850000123073215,13.350000002862172,2.811,0.558
41.850000123073215,13.449999997137835,2.818,0.476
41.850000123073215,13.5499999914135,2.821,0.464
41.850000123073215,13.649999985689163,2.829,0.431
41.850000123073215,13.74999997996483,2.806,0.559
41.850000123073215,13.849999974240497,2.816,0.609
41.850000123073215,13.94999996851616,2.815,0.699
41.850000123073215,14.049999962791825,2.862,0.598
41.850000123073215,14.14999995706749,2.776,0.6
41.850000123073215,14.249999951343153,2.712,0.517
41.850000123073215,14.349999945618816,2.662,0.39
41.850000123073215,14.449999939894482,2.63,0.366
41.850000123073215,14.549999934170144,2.441,0.345
41.850000123073215,14.649999928445812,2.291,0.296
41.850000123073215,14.749999922721477,2.198,0.258
41.850000123073215,14.84999991699714,2.151,0.221
41.850000123073215,14.949999911272805,2.1,0.271
41.95000011734888,10.050000191765244,1.778,0.284
41.95000011734888,10.150000186040907,1.732,0.3
41.95000011734888,10.250000180316572,1.71,0.308
41.95000011734888,10.350000174592235,1.678,0.332
41.95000011734888,10.450000168867902,1.639,0.305
41.95000011734888,10.550000163143563,1.694,0.378
41.95000011734888,10.65000015741923,1.67,0.384
41.95000011734888,10.750000151694897,1.691,0.425
41.95000011734888,10.85000014597056,1.747,0.476
41.95000011734888,10.950000140246225,1.759,0.48
41.95000011734888,11.050000134521888,1.759,0.523
41.95000011734888,11.150000128797553,1.802,0.56
41.95000011734888,11.250000123073216,1.806,0.529
41.95000011734888,11.350000117348882,1.82,0.593
41.95000011734888,11.450000111624547,1.871,0.653
41.95000011734888,11.55000010590021,1.98,0.712
41.95000011734888,11.650000100175877,2.1,0.873
41.95000011734888,11.75000009445154,2.209,0.736
41.95000011734888,11.850000088727205,2.275,0.736
41.95000011734888,11.95000008300287,2.991,0.888
41.95000011734888,12.050000077278533,2.42,0.446
41.95000011734888,12.150000071554198,2.473,0.474
41.95000011734888,12.250000065829862,2.526,0.499
41.95000011734888,12.350000060105527,2.474,0.534
41.95000011734888,12.450000054381192,2.57,0.543
41.95000011734888,12.550000048656855,2.635,0.692
41.95000011734888,12.65000004293252,2.624,0.64
41.95000011734888,12.750000037208183,2.674,0.512
41.95000011734888,12.85000003148385,2.671,0.482
41.95000011734888,12.950000025759516,2.648,0.481
41.95000011734888,13.050000020035178,2.64,0.603
41.95000011734888,13.150000014310844,2.697,0.501
41.95000011734888,13.250000008586508,2.782,0.493
41.95000011734888,13.350000002862172,2.868,0.539
41.95000011734888,13.449999997137835,2.827,0.465
41.95000011734888,13.5499999914135,2.808,0.334
41.95000011734888,13.649999985689163,2.841,0.318
41.95000011734888,13.74999997996483,2.772,0.364
41.95000011734888,13.849999974240497,2.69,0.42
41.95000011734888,13.94999996851616,2.654,0.435
41.95000011734888,14.049999962791825,2.625,0.471
41.95000011734888,14.14999995706749,2.55,0.395
41.95000011734888,14.249999951343153,2.472,0.313
41.95000011734888,14.349999945618816,2.383,0.353
41.95000011734888,14.449999939894482,2.343,0.385
41.95000011734888,14.549999934170144,2.295,0.26
41.95000011734888,14.649999928445812,2.248,0.195
41.95000011734888,14.749999922721477,2.195,0.238
41.95000011734888,14.84999991699714,2.215,0.236
41.95000011734888,14.949999911272805,2.214,0.258
42.05000011162454,10.050000191765244,1.775,0.304
42.05000011162454,10.150000186040907,1.702,0.241
42.05000011162454,10.250000180316572,1.718,0.35
42.05000011162454,10.350000174592235,1.682,0.305
42.05000011162454,10.450000168867902,1.645,0.365
42.05000011162454,10.550000163143563,1.642,0.358
42.05000011162454,10.65000015741923,1.647,0.396
42.05000011162454,10.750000151694897,1.736,0.46
42.05000011162454,10.85000014597056,1.782,0.476
42.05000011162454,10.950000140246225,1.79,0.506
42.05000011162454,11.050000134521888,1.816,0.485
42.05000011162454,11.150000128797553,1.896,0.545
42.05000011162454,11.250000123073216,1.927,0.578
42.05000011162454,11.350000117348882,1.95,0.56
42.05000011162454,11.450000111624547,2.0,0.626
42.05000011162454,11.55000010590021,2.124,0.74
42.05000011162454,11.650000100175877,2.257,0.746
42.05000011162454,11.75000009445154,2.18,0.458
42.05000011162454,11.850000088727205,2.307,0.584
42.05000011162454,11.95000008300287,2.363,0.652
42.05000011162454,12.050000077278533,2.356,0.606
42.05000011162454,12.150000071554198,2.422,0.525
42.05000011162454,12.250000065829862,2.465,0.527
42.05000011162454,12.350000060105527,2.471,0.517
42.05000011162454,12.450000054381192,2.49,0.564
42.05000011162454,12.550000048656855,2.552,0.57
42.05000011162454,12.65000004293252,2.526,0.486
42.05000011162454,12.750000037208183,2.593,0.424
42.05000011162454,12.85000003148385,2.613,0.419
42.05000011162454,12.950000025759516,2.678,0.403
42.05000011162454,13.050000020035178,2.731,0.393
42.05000011162454,13.150000014310844,2.725,0.363
42.05000011162454,13.250000008586508,2.752,0.368
42.05000011162454,13.350000002862172,2.755,0.378
42.05000011162454,13.449999997137835,2.75,0.337
42.05000011162454,13.5499999914135,2.782,0.318
42.05000011162454,13.649999985689163,2.728,0.267
42.05000011162454,13.74999997996483,2.662,0.346
42.05000011162454,13.849999974240497,2.52,0.255
42.05000011162454,13.94999996851616,2.456,0.225
42.05000011162454,14.049999962791825,2.418,0.29
42.05000011162454,14.14999995706749,2.518,0.259
42.05000011162454,14.249999951343153,2.413,0.246
42.05000011162454,14.349999945618816,2.306,0.296
42.05000011162454,14.449999939894482,2.277,0.262
42.05000011162454,14.549999934170144,2.257,0.201
42.05000011162454,14.649999928445812,2.346,0.232
42.05000011162454,14.749999922721477,2.392,0.231
42.05000011162454,14.84999991699714,2.386,0.253
42.05000011162454,14.949999911272805,2.263,0.297
42.150000105900205,10.050000191765244,1.738,0.212
42.150000105900205,10.150000186040907,1.68,0.228
42.150000105900205,10.250000180316572,1.67,0.301
42.150000105900205,10.350000174592235,1.658,0.304
42.150000105900205,10.450000168867902,1.662,0.322
42.150000105900205,10.550000163143563,1.702,0.339
42.150000105900205,10.65000015741923,1.732,0.353
42.150000105900205,10.750000151694897,1.783,0.414
42.150000105900205,10.85000014597056,1.876,0.527
42.150000105900205,10.950000140246225,1.85,0.521
42.150000105900205,11.050000134521888,1.892,0.498
42.150000105900205,11.150000128797553,1.947,0.444
42.150000105900205,11.250000123073216,1.995,0.485
42.150000105900205,11.350000117348882,2.039,0.532
42.150000105900205,11.450000111624547,2.133,0.639
42.150000105900205,11.55000010590021,2.257,0.704
42.150000105900205,11.650000100175877,2.348,0.432
42.150000105900205,11.75000009445154,2.347,0.5
42.150000105900205,11.850000088727205,2.353,0.539
42.150000105900205,11.95000008300287,2.374,0.538
42.150000105900205,12.050000077278533,2.334,0.502
42.150000105900205,12.150000071554198,2.363,0.551
42.150000105900205,12.250000065829862,2.453,0.518
42.150000105900205,12.350000060105527,2.5,0.492
42.150000105900205,12.450000054381192,2.48,0.5
42.150000105900205,12.550000048656855,2.5,0.521
42.150000105900205,12.65000004293252,2.52,0.461
42.150000105900205,12.750000037208183,2.551,0.388
42.150000105900205,12.85000003148385,2.599,0.311
42.150000105900205,12.950000025759516,2.692,0.371
42.150000105900205,13.050000020035178,2.693,0.381
42.150000105900205,13.150000014310844,2.678,0.321
42.150000105900205,13.250000008586508,2.7,0.257
42.150000105900205,13.350000002862172,2.716,0.255
42.150000105900205,13.449999997137835,2.806,0.268
42.150000105900205,13.5499999914135,2.771,0.297
42.150000105900205,13.649999985689163,2.757,0.378
42.150000105900205,13.74999997996483,2.649,0.287
42.150000105900205,13.849999974240497,2.469,0.203
42.150000105900205,13.94999996851616,2.386,0.146
42.150000105900205,14.049999962791825,2.419,0.143
42.150000105900205,14.14999995706749,2.386,0.198
42.150000105900205,14.249999951343153,2.258,0.237
42.150000105900205,14.349999945618816,2.219,0.231
42.150000105900205,14.449999939894482,2.236,0.291
42.150000105900205,14.549999934170144,2.282,0.259
42.150000105900205,14.649999928445812,2.37,0.262
42.150000105900205,14.749999922721477,2.444,0.308
42.150000105900205,14.84999991699714,2.207,0.247
42.150000105900205,14.949999911272805,2.046,0.251
42.25000010017587,10.050000191765244,1.798,0.184
42.25000010017587,10.150000186040907,1.726,0.198
42.25000010017587,10.250000180316572,1.703,0.252
42.25000010017587,10.350000174592235,1.715,0.294
42.25000010017587,10.450000168867902,1.681,0.311
42.25000010017587,10.550000163143563,1.693,0.266
42.25000010017587,10.65000015741923,1.716,0.307
42.25000010017587,10.750000151694897,1.806,0.35
42.25000010017587,10.85000014597056,1.831,0.416
42.25000010017587,10.950000140246225,1.943,0.457
42.25000010017587,11.050000134521888,1.981,0.408
42.25000010017587,11.150000128797553,2.091,0.466
42.25000010017587,11.250000123073216,2.134,0.542
42.25000010017587,11.350000117348882,2.176,0.535
42.25000010017587,11.450000111624547,2.307,0.636
42.25000010017587,11.55000010590021,2.314,0.564
42.25000010017587,11.650000100175877,2.424,0.548
42.25000010017587,11.75000009445154,2.419,0.601
42.25000010017587,11.850000088727205,2.413,0.568
42.25000010017587,11.95000008300287,2.432,0.601
42.25000010017587,12.050000077278533,2.393,0.631
42.25000010017587,12.150000071554198,2.397,0.62
42.25000010017587,12.250000065829862,2.474,0.51
42.25000010017587,12.350000060105527,2.46,0.523
42.25000010017587,12.450000054381192,2.498,0.477
42.25000010017587,12.550000048656855,2.463,0.521
42.25000010017587,12.65000004293252,2.507,0.398
42.25000010017587,12.750000037208183,2.568,0.375
42.25000010017587,12.85000003148385,2.652,0.309
42.25000010017587,12.950000025759516,2.729,0.37
42.25000010017587,13.050000020035178,2.773,0.307
42.25000010017587,13.150000014310844,2.715,0.293
42.25000010017587,13.250000008586508,2.716,0.285
42.25000010017587,13.350000002862172,2.699,0.295
42.25000010017587,13.449999997137835,2.735,0.258
42.25000010017587,13.5499999914135,2.69,0.329
42.25000010017587,13.649999985689163,2.647,0.322
42.25000010017587,13.74999997996483,2.514,0.261
42.25000010017587,13.849999974240497,2.381,0.199
42.25000010017587,13.94999996851616,2.271,0.164
42.25000010017587,14.049999962791825,2.208,0.137
42.25000010017587,14.14999995706749,2.049,0.138
42.25000010017587,14.249999951343153,2.055,0.165
42.25000010017587,14.349999945618816,2.152,0.207
42.25000010017587,14.449999939894482,2.248,0.277
42.25000010017587,14.549999934170144,2.313,0.268
42.25000010017587,14.649999928445812,2.309,0.28
42.25000010017587,14.749999922721477,2.196,0.269
42.25000010017587,14.84999991699714,2.135,0.232
42.25000010017587,14.949999911272805,2.012,0.207
42.35000009445154,10.050000191765244,1.816,0.201
42.35000009445154,10.150000186040907,1.762,0.212
42.35000009445154,10.250000180316572,1.755,0.242
42.35000009445154,10.350000174592235,1.759,0.231
42.35000009445154,10.450000168867902,1.712,0.224
42.35000009445154,10.550000163143563,1.71,0.234
42.35000009445154,10.65000015741923,1.748,0.278
42.35000009445154,10.750000151694897,1.786,0.334
42.35000009445154,10.85000014597056,1.905,0.425
42.35000009445154,10.950000140246225,1.989,0.484
42.35000009445154,11.050000134521888,2.126,0.469
42.35000009445154,11.150000128797553,2.334,0.541
42.35000009445154,11.250000123073216,2.035,0.423
42.35000009445154,11.350000117348882,2.186,0.414
42.35000009445154,11.450000111624547,2.257,0.492
42.35000009445154,11.55000010590021,2.429,0.543
42.35000009445154,11.650000100175877,2.473,0.581
42.35000009445154,11.75000009445154,2.431,0.63
42.35000009445154,11.850000088727205,2.426,0.549
42.35000009445154,11.95000008300287,2.381,0.58
42.35000009445154,12.050000077278533,2.386,0.544
42.35000009445154,12.150000071554198,2.43,0.576
42.35000009445154,12.250000065829862,2.407,0.508
42.35000009445154,12.350000060105527,2.371,0.423
42.35000009445154,12.450000054381192,2.417,0.33
42.35000009445154,12.550000048656855,2.49,0.455
42.35000009445154,12.65000004293252,2.528,0.408
42.35000009445154,12.750000037208183,2.604,0.391
42.35000009445154,12.85000003148385,2.592,0.337
42.35000009445154,12.950000025759516,2.65,0.359
42.35000009445154,13.050000020035178,2.706,0.284
42.35000009445154,13.150000014310844,2.73,0.35
42.35000009445154,13.250000008586508,2.645,0.333
42.35000009445154,13.350000002862172,2.571,0.252
42.35000009445154,13.449999997137835,2.56,0.223
42.35000009445154,13.5499999914135,2.591,0.287
42.35000009445154,13.649999985689163,2.492,0.192
42.35000009445154,13.74999997996483,2.444,0.212
42.35000009445154,13.849999974240497,2.44,0.251
42.35000009445154,13.94999996851616,2.284,0.181
42.35000009445154,14.049999962791825,2.147,0.124
42.35000009445154,14.14999995706749,2.06,0.095
42.35000009445154,14.249999951343153,2.124,0.149
42.35000009445154,14.349999945618816,2.217,0.204
42.35000009445154,14.449999939894482,2.295,0.288
42.35000009445154,14.549999934170144,2.106,0.275
42.35000009445154,14.649999928445812,2.11,0.269
42.35000009445154,14.749999922721477,2.023,0.277
42.35000009445154,14.84999991699714,1.971,0.242
42.35000009445154,14.949999911272805,1.93,0.282
42.4500000887272,10.050000191765244,1.811,0.18
42.4500000887272,10.150000186040907,1.755,0.172
42.4500000887272,10.250000180316572,1.735,0.169
42.4500000887272,10.350000174592235,1.769,0.193
42.4500000887272,10.450000168867902,1.762,0.219
42.4500000887272,10.550000163143563,1.688,0.216
42.4500000887272,10.65000015741923,1.728,0.273
42.4500000887272,10.750000151694897,1.824,0.294
42.4500000887272,10.85000014597056,1.893,0.425
42.4500000887272,10.950000140246225,2.044,0.427
42.4500000887272,11.050000134521888,2.178,0.439
42.4500000887272,11.150000128797553,2.119,0.434
42.4500000887272,11.250000123073216,2.187,0.489
42.4500000887272,11.350000117348882,2.253,0.534
42.4500000887272,11.450000111624547,2.328,0.543
42.4500000887272,11.55000010590021,2.407,0.55
42.4500000887272,11.650000100175877,2.414,0.545
42.4500000887272,11.75000009445154,2.414,0.52
42.4500000887272,11.850000088727205,2.33,0.527
42.4500000887272,11.95000008300287,2.336,0.56
42.4500000887272,12.050000077278533,2.372,0.46
42.4500000887272,12.150000071554198,2.366,0.422
42.4500000887272,12.250000065829862,2.353,0.331
42.4500000887272,12.350000060105527,2.336,0.342
42.4500000887272,12.450000054381192,2.39,0.296
42.4500000887272,12.550000048656855,2.524,0.347
42.4500000887272,12.65000004293252,2.607,0.382
42.4500000887272,12.750000037208183,2.644,0.385
42.4500000887272,12.85000003148385,2.651,0.337
42.4500000887272,12.950000025759516,2.638,0.29
42.4500000887272,13.050000020035178,2.712,0.265
42.4500000887272,13.150000014310844,2.71,0.349
42.4500000887272,13.250000008586508,2.702,0.333
42.4500000887272,13.350000002862172,2.53,0.332
42.4500000887272,13.449999997137835,2.533,0.247
42.4500000887272,13.5499999914135,2.55,0.229
42.4500000887272,13.649999985689163,2.62,0.179
42.4500000887272,13.74999997996483,2.486,0.225
42.4500000887272,13.849999974240497,2.309,0.196
42.4500000887272,13.94999996851616,2.186,0.178
42.4500000887272,14.049999962791825,2.088,0.132
42.4500000887272,14.14999995706749,2.117,0.144
42.4500000887272,14.249999951343153,2.144,0.181
42.4500000887272,14.349999945618816,2.197,0.226
42.4500000887272,14.449999939894482,1.981,0.25
42.4500000887272,14.549999934170144,2.084,0.237
42.4500000887272,14.649999928445812,1.992,0.223
42.4500000887272,14.749999922721477,1.941,0.203
42.4500000887272,14.84999991699714,1.898,0.238
42.4500000887272,14.949999911272805,1.907,0.243
42.550000083002864,10.050000191765244,1.827,0.165
42.550000083002864,10.150000186040907,1.827,0.172
42.550000083002864,10.250000180316572,1.863,0.139
42.550000083002864,10.350000174592235,1.867,0.206
42.550000083002864,10.450000168867902,1.802,0.198
42.550000083002864,10.550000163143563,1.799,0.248
42.550000083002864,10.65000015741923,1.859,0.297
42.550000083002864,10.750000151694897,1.959,0.314
42.550000083002864,10.85000014597056,2.016,0.376
42.550000083002864,10.950000140246225,1.907,0.221
42.550000083002864,11.050000134521888,2.193,0.242
42.550000083002864,11.150000128797553,2.285,0.287
42.550000083002864,11.250000123073216,2.303,0.323
42.550000083002864,11.350000117348882,2.314,0.456
42.550000083002864,11.450000111624547,2.346,0.46
42.550000083002864,11.55000010590021,2.402,0.679
42.550000083002864,11.650000100175877,2.41,0.516
42.550000083002864,11.75000009445154,2.392,0.537
42.550000083002864,11.850000088727205,2.425,0.52
42.550000083002864,11.95000008300287,2.423,0.354
42.550000083002864,12.050000077278533,2.376,0.36
42.550000083002864,12.150000071554198,2.39,0.324
42.550000083002864,12.250000065829862,2.383,0.322
42.550000083002864,12.350000060105527,2.418,0.268
42.550000083002864,12.450000054381192,2.492,0.293
42.550000083002864,12.550000048656855,2.621,0.297
42.550000083002864,12.65000004293252,2.651,0.295
42.550000083002864,12.750000037208183,2.7,0.295
42.550000083002864,12.85000003148385,2.671,0.255
42.550000083002864,12.950000025759516,2.703,0.203
42.550000083002864,13.050000020035178,2.833,0.236
42.550000083002864,13.150000014310844,2.759,0.258
42.550000083002864,13.250000008586508,2.643,0.224
42.550000083002864,13.350000002862172,2.599,0.262
42.550000083002864,13.449999997137835,2.656,0.249
42.550000083002864,13.5499999914135,2.544,0.218
42.550000083002864,13.649999985689163,2.435,0.151
42.550000083002864,13.74999997996483,2.247,0.149
42.550000083002864,13.849999974240497,2.081,0.185
42.550000083002864,13.94999996851616,2.05,0.116
42.550000083002864,14.049999962791825,2.061,0.135
42.550000083002864,14.14999995706749,2.127,0.15
42.550000083002864,14.249999951343153,2.01,0.204
42.550000083002864,14.349999945618816,1.959,0.204
42.550000083002864,14.449999939894482,1.974,0.241
42.550000083002864,14.549999934170144,1.925,0.232
42.550000083002864,14.649999928445812,1.888,0.184
42.550000083002864,14.749999922721477,1.832,0.168
42.550000083002864,14.84999991699714,1.791,0.227
42.550000083002864,14.949999911272805,1.714,0.184
42.65000007727853,10.050000191765244,1.902,0.192
42.65000007727853,10.150000186040907,1.971,0.212
42.65000007727853,10.250000180316572,1.999,0.275
42.65000007727853,10.350000174592235,2.025,0.318
42.65000007727853,10.450000168867902,1.973,0.347
42.65000007727853,10.550000163143563,1.961,0.28
42.65000007727853,10.65000015741923,1.985,0.322
42.65000007727853,10.750000151694897,2.062,0.306
42.65000007727853,10.85000014597056,1.975,0.322
42.65000007727853,10.950000140246225,2.237,0.295
42.65000007727853,11.050000134521888,2.262,0.286
42.65000007727853,11.150000128797553,2.312,0.303
42.65000007727853,11.250000123073216,2.323,0.321
42.65000007727853,11.350000117348882,2.349,0.381
42.65000007727853,11.450000111624547,2.323,0.508
42.65000007727853,11.55000010590021,2.357,0.578
42.65000007727853,11.650000100175877,2.376,0.563
42.65000007727853,11.75000009445154,2.357,0.486
42.65000007727853,11.850000088727205,2.371,0.485
42.65000007727853,11.95000008300287,2.423,0.35
42.65000007727853,12.050000077278533,2.358,0.325
42.65000007727853,12.150000071554198,2.426,0.262
42.65000007727853,12.250000065829862,2.42,0.252
42.65000007727853,12.350000060105527,2.405,0.272
42.65000007727853,12.450000054381192,2.505,0.293
42.65000007727853,12.550000048656855,2.64,0.282
42.65000007727853,12.65000004293252,2.656,0.255
42.65000007727853,12.750000037208183,2.677,0.238
42.65000007727853,12.85000003148385,2.684,0.221
42.65000007727853,12.950000025759516,2.716,0.153
42.65000007727853,13.050000020035178,2.668,0.152
42.65000007727853,13.150000014310844,2.681,0.213
42.65000007727853,13.250000008586508,2.561,0.157
42.65000007727853,13.350000002862172,2.569,0.143
42.65000007727853,13.449999997137835,2.562,0.172
42.65000007727853,13.5499999914135,2.427,0.178
42.65000007727853,13.649999985689163,2.317,0.148
42.65000007727853,13.74999997996483,2.093,0.142
42.65000007727853,13.849999974240497,2.039,0.151
42.65000007727853,13.94999996851616,2.141,0.144
42.65000007727853,14.049999962791825,2.237,0.193
42.65000007727853,14.14999995706749,2.018,0.195
42.65000007727853,14.249999951343153,1.928,0.211
42.65000007727853,14.349999945618816,1.882,0.21
42.65000007727853,14.449999939894482,1.87,0.198
42.65000007727853,14.549999934170144,1.812,0.193
42.65000007727853,14.649999928445812,1.83,0.165
42.65000007727853,14.749999922721477,1.723,0.178
42.65000007727853,14.84999991699714,1.676,0.161
42.65000007727853,14.949999911272805,1.586,0.123
42.7500000715542,10.050000191765244,2.093,0.139
42.7500000715542,10.150000186040907,2.727,0.257
42.7500000715542,10.250000180316572,2.811,0.315
42.7500000715542,10.350000174592235,2.889,0.364
42.7500000715542,10.450000168867902,2.499,0.298
42.7500000715542,10.550000163143563,2.253,0.325
42.7500000715542,10.65000015741923,2.214,0.319
42.7500000715542,10.750000151694897,1.978,0.243
42.7500000715542,10.85000014597056,2.177,0.278
42.7500000715542,10.950000140246225,2.275,0.29
42.7500000715542,11.050000134521888,2.321,0.336
42.7500000715542,11.150000128797553,2.329,0.318
42.7500000715542,11.250000123073216,2.329,0.33
42.7500000715542,11.350000117348882,2.332,0.338
42.7500000715542,11.450000111624547,2.313,0.486
42.7500000715542,11.55000010590021,2.351,0.457
42.7500000715542,11.650000100175877,2.383,0.403
42.7500000715542,11.75000009445154,2.367,0.351
42.7500000715542,11.850000088727205,2.337,0.294
42.7500000715542,11.95000008300287,2.343,0.262
42.7500000715542,12.050000077278533,2.392,0.193
42.7500000715542,12.150000071554198,2.395,0.229
42.7500000715542,12.250000065829862,2.422,0.213
42.7500000715542,12.350000060105527,2.421,0.22
42.7500000715542,12.450000054381192,2.497,0.146
42.7500000715542,12.550000048656855,2.623,0.118
42.7500000715542,12.65000004293252,2.674,0.118
42.7500000715542,12.750000037208183,2.654,0.168
42.7500000715542,12.85000003148385,2.609,0.133
42.7500000715542,12.950000025759516,2.6,0.124
42.7500000715542,13.050000020035178,2.595,0.099
42.7500000715542,13.150000014310844,2.687,0.189
42.7500000715542,13.250000008586508,2.589,0.127
42.7500000715542,13.350000002862172,2.456,0.144
42.7500000715542,13.449999997137835,2.378,0.134
42.7500000715542,13.5499999914135,2.322,0.161
42.7500000715542,13.649999985689163,2.243,0.11
42.7500000715542,13.74999997996483,2.077,0.13
42.7500000715542,13.849999974240497,2.085,0.137
42.7500000715542,13.94999996851616,2.219,0.129
42.7500000715542,14.049999962791825,2.209,0.197
42.7500000715542,14.14999995706749,2.015,0.214
42.7500000715542,14.249999951343153,1.922,0.244
42.7500000715542,14.349999945618816,1.836,0.167
42.7500000715542,14.449999939894482,1.841,0.203
42.7500000715542,14.549999934170144,1.789,0.146
42.7500000715542,14.649999928445812,1.715,0.116
42.7500000715542,14.749999922721477,1.61,0.146
42.7500000715542,14.84999991699714,1.565,0.115
42.7500000715542,14.949999911272805,1.544,0.118
42.85000006582986,10.050000191765244,2.078,0.183
42.85000006582986,10.150000186040907,2.25,0.266
42.85000006582986,10.250000180316572,2.377,0.286
42.85000006582986,10.350000174592235,2.452,0.404
42.85000006582986,10.450000168867902,2.391,0.339
42.85000006582986,10.550000163143563,1.986,0.222
42.85000006582986,10.65000015741923,2.152,0.214
42.85000006582986,10.750000151694897,2.235,0.216
42.85000006582986,10.85000014597056,2.261,0.299
42.85000006582986,10.950000140246225,2.272,0.305
42.85000006582986,11.050000134521888,2.307,0.331
42.85000006582986,11.150000128797553,2.328,0.302
42.85000006582986,11.250000123073216,2.316,0.305
42.85000006582986,11.350000117348882,2.31,0.366
42.85000006582986,11.450000111624547,2.29,0.366
42.85000006582986,11.55000010590021,2.365,0.366
42.85000006582986,11.650000100175877,2.401,0.332
42.85000006582986,11.75000009445154,2.405,0.292
42.85000006582986,11.850000088727205,2.337,0.228
42.85000006582986,11.95000008300287,2.36,0.198
42.85000006582986,12.050000077278533,2.39,0.203
42.85000006582986,12.150000071554198,2.442,0.19
42.85000006582986,12.250000065829862,2.433,0.176
42.85000006582986,12.350000060105527,2.441,0.13
42.85000006582986,12.450000054381192,2.517,0.07
42.85000006582986,12.550000048656855,2.596,0.091
42.85000006582986,12.65000004293252,2.675,0.083
42.85000006582986,12.750000037208183,2.662,0.089
42.85000006582986,12.85000003148385,2.671,0.165
42.85000006582986,12.950000025759516,2.674,0.132
42.85000006582986,13.050000020035178,2.662,0.128
42.85000006582986,13.150000014310844,2.721,0.206
42.85000006582986,13.250000008586508,2.65,0.138
42.85000006582986,13.350000002862172,2.58,0.227
42.85000006582986,13.449999997137835,2.402,0.151
42.85000006582986,13.5499999914135,2.277,0.148
42.85000006582986,13.649999985689163,2.151,0.104
42.85000006582986,13.74999997996483,2.117,0.115
42.85000006582986,13.849999974240497,2.136,0.109
42.85000006582986,13.94999996851616,2.18,0.122
42.85000006582986,14.049999962791825,2.023,0.158
42.85000006582986,14.14999995706749,1.893,0.131
42.85000006582986,14.249999951343153,1.79,0.13
42.85000006582986,14.349999945618816,1.766,0.198
42.85000006582986,14.449999939894482,1.758,0.167
42.85000006582986,14.549999934170144,1.701,0.141
42.85000006582986,14.649999928445812,1.649,0.072
42.85000006582986,14.749999922721477,1.634,0.1
42.85000006582986,14.84999991699714,1.549,0.094
42.85000006582986,14.949999911272805,1.486,0.105
42.95000006010552,10.050000191765244,1.997,0.17
42.95000006010552,10.150000186040907,2.111,0.15
42.95000006010552,10.250000180316572,2.16,0.171
42.95000006010552,10.350000174592235,2.246,0.32
42.95000006010552,10.450000168867902,2.0,0.192
42.95000006010552,10.550000163143563,2.222,0.201
42.95000006010552,10.65000015741923,2.223,0.24
42.95000006010552,10.750000151694897,2.244,0.239
42.95000006010552,10.85000014597056,2.296,0.243
42.95000006010552,10.950000140246225,2.242,0.289
42.95000006010552,11.050000134521888,2.272,0.228
42.95000006010552,11.150000128797553,2.331,0.244
42.95000006010552,11.250000123073216,2.313,0.284
42.95000006010552,11.350000117348882,2.339,0.33
42.95000006010552,11.450000111624547,2.349,0.315
42.95000006010552,11.55000010590021,2.405,0.358
42.95000006010552,11.650000100175877,2.418,0.321
42.95000006010552,11.75000009445154,2.394,0.31
42.95000006010552,11.850000088727205,2.422,0.195
42.95000006010552,11.95000008300287,2.359,0.184
42.95000006010552,12.050000077278533,2.416,0.139
42.95000006010552,12.150000071554198,2.425,0.141
42.95000006010552,12.250000065829862,2.432,0.116
42.95000006010552,12.350000060105527,2.475,0.099
42.95000006010552,12.450000054381192,2.531,0.055
42.95000006010552,12.550000048656855,2.582,0.051
42.95000006010552,12.65000004293252,2.639,0.059
42.95000006010552,12.750000037208183,2.729,0.115
42.95000006010552,12.85000003148385,2.759,0.171
42.95000006010552,12.950000025759516,2.758,0.174
42.95000006010552,13.050000020035178,2.778,0.178
42.95000006010552,13.150000014310844,2.679,0.138
42.95000006010552,13.250000008586508,2.631,0.123
42.95000006010552,13.350000002862172,2.479,0.122
42.95000006010552,13.449999997137835,2.437,0.167
42.95000006010552,13.5499999914135,2.223,0.094
42.95000006010552,13.649999985689163,2.135,0.091
42.95000006010552,13.74999997996483,2.101,0.077
42.95000006010552,13.849999974240497,2.2,0.1
42.95000006010552,13.94999996851616,2.149,0.128
42.95000006010552,14.049999962791825,1.869,0.102
42.95000006010552,14.14999995706749,1.876,0.104
42.95000006010552,14.249999951343153,1.783,0.121
42.95000006010552,14.349999945618816,1.754,0.1
42.95000006010552,14.449999939894482,1.769,0.139
42.95000006010552,14.549999934170144,1.717,0.099
42.95000006010552,14.649999928445812,1.65,0.055
42.95000006010552,14.749999922721477,1.598,0.083
42.95000006010552,14.84999991699714,1.559,0.07
42.95000006010552,14.949999911272805,1.515,0.087
43.05000005438119,10.050000191765244,2.083,0.165
43.05000005438119,10.150000186040907,2.101,0.169
43.05000005438119,10.250000180316572,2.186,0.125
43.05000005438119,10.350000174592235,2.271,0.147
43.05000005438119,10.450000168867902,2.141,0.128
43.05000005438119,10.550000163143563,2.293,0.185
43.05000005438119,10.65000015741923,2.247,0.246
43.05000005438119,10.750000151694897,2.281,0.225
43.05000005438119,10.85000014597056,2.292,0.157
43.05000005438119,10.950000140246225,2.292,0.149
43.05000005438119,11.050000134521888,2.298,0.148
43.05000005438119,11.150000128797553,2.354,0.196
43.05000005438119,11.250000123073216,2.359,0.212
43.05000005438119,11.350000117348882,2.361,0.252
43.05000005438119,11.450000111624547,2.403,0.266
43.05000005438119,11.55000010590021,2.469,0.296
43.05000005438119,11.650000100175877,2.444,0.243
43.05000005438119,11.75000009445154,2.439,0.207
43.05000005438119,11.850000088727205,2.479,0.172
43.05000005438119,11.95000008300287,2.567,0.141
43.05000005438119,12.050000077278533,2.584,0.121
43.05000005438119,12.150000071554198,2.561,0.095
43.05000005438119,12.250000065829862,2.526,0.057
43.05000005438119,12.350000060105527,2.529,0.06
43.05000005438119,12.450000054381192,2.523,0.049
43.05000005438119,12.550000048656855,2.599,0.04
43.05000005438119,12.65000004293252,2.65,0.053
43.05000005438119,12.750000037208183,2.675,0.068
43.05000005438119,12.85000003148385,2.699,0.132
43.05000005438119,12.950000025759516,2.741,0.141
43.05000005438119,13.050000020035178,2.691,0.121
43.05000005438119,13.150000014310844,2.57,0.136
43.05000005438119,13.250000008586508,2.427,0.102
43.05000005438119,13.350000002862172,2.317,0.09
43.05000005438119,13.449999997137835,2.249,0.063
43.05000005438119,13.5499999914135,2.095,0.063
43.05000005438119,13.649999985689163,2.065,0.036
43.05000005438119,13.74999997996483,2.124,0.067
43.05000005438119,13.849999974240497,2.203,0.113
43.05000005438119,13.94999996851616,2.07,0.109
43.05000005438119,14.049999962791825,1.864,0.1
43.05000005438119,14.14999995706749,1.879,0.117
43.05000005438119,14.249999951343153,1.808,0.125
43.05000005438119,14.349999945618816,1.752,0.122
43.05000005438119,14.449999939894482,1.772,0.109
43.05000005438119,14.549999934170144,1.675,0.079
43.05000005438119,14.649999928445812,1.6,0.103
43.05000005438119,14.749999922721477,1.581,0.092
43.05000005438119,14.84999991699714,1.543,0.103
43.05000005438119,14.949999911272805,1.534,0.102
43.15000004865685,10.050000191765244,2.159,0.177
43.15000004865685,10.150000186040907,2.122,0.119
43.15000004865685,10.250000180316572,2.192,0.138
43.15000004865685,10.350000174592235,2.29,0.12
43.15000004865685,10.450000168867902,2.19,0.093
43.15000004865685,10.550000163143563,2.345,0.136
43.15000004865685,10.65000015741923,2.326,0.168
43.15000004865685,10.750000151694897,2.328,0.155
43.15000004865685,10.85000014597056,2.348,0.124
43.15000004865685,10.950000140246225,2.335,0.16
43.15000004865685,11.050000134521888,2.332,0.175
43.15000004865685,11.150000128797553,2.327,0.163
43.15000004865685,11.250000123073216,2.351,0.213
43.15000004865685,11.350000117348882,2.381,0.253
43.15000004865685,11.450000111624547,2.397,0.228
43.15000004865685,11.55000010590021,2.406,0.26
43.15000004865685,11.650000100175877,2.474,0.302
43.15000004865685,11.75000009445154,2.441,0.229
43.15000004865685,11.850000088727205,2.524,0.145
43.15000004865685,11.95000008300287,2.608,0.092
43.15000004865685,12.050000077278533,2.667,0.089
43.15000004865685,12.150000071554198,2.637,0.116
43.15000004865685,12.250000065829862,2.647,0.06
43.15000004865685,12.350000060105527,2.577,0.027
43.15000004865685,12.450000054381192,2.61,0.024
43.15000004865685,12.550000048656855,2.625,0.019
43.15000004865685,12.65000004293252,2.64,0.055
43.15000004865685,12.750000037208183,2.721,0.059
43.15000004865685,12.85000003148385,2.754,0.139
43.15000004865685,12.950000025759516,2.713,0.093
43.15000004865685,13.050000020035178,2.553,0.056
43.15000004865685,13.150000014310844,2.419,0.056
43.15000004865685,13.250000008586508,2.32,0.048
43.15000004865685,13.350000002862172,2.293,0.056
43.15000004865685,13.449999997137835,2.237,0.043
43.15000004865685,13.5499999914135,2.097,0.02
43.15000004865685,13.649999985689163,2.128,0.024
43.15000004865685,13.74999997996483,2.258,0.039
43.15000004865685,13.849999974240497,2.276,0.064
43.15000004865685,13.94999996851616,1.993,0.061
43.15000004865685,14.049999962791825,1.935,0.065
43.15000004865685,14.14999995706749,1.838,0.088
43.15000004865685,14.249999951343153,1.808,0.121
43.15000004865685,14.349999945618816,1.818,0.167
43.15000004865685,14.449999939894482,1.722,0.115
43.15000004865685,14.549999934170144,1.66,0.095
43.15000004865685,14.649999928445812,1.636,0.094
43.15000004865685,14.749999922721477,1.626,0.098
43.15000004865685,14.84999991699714,1.598,0.108
43.15000004865685,14.949999911272805,1.588,0.117
43.25000004293251,10.050000191765244,2.221,0.135
43.25000004293251,10.150000186040907,2.198,0.093
43.25000004293251,10.250000180316572,2.243,0.093
43.25000004293251,10.350000174592235,2.349,0.088
43.25000004293251,10.450000168867902,2.369,0.057
43.25000004293251,10.550000163143563,2.424,0.072
43.25000004293251,10.65000015741923,2.351,0.115
43.25000004293251,10.750000151694897,2.353,0.129
43.25000004293251,10.85000014597056,2.326,0.149
43.25000004293251,10.950000140246225,2.354,0.152
43.25000004293251,11.050000134521888,2.365,0.199
43.25000004293251,11.150000128797553,2.32,0.177
43.25000004293251,11.250000123073216,2.391,0.211
43.25000004293251,11.350000117348882,2.398,0.275
43.25000004293251,11.450000111624547,2.374,0.251
43.25000004293251,11.55000010590021,2.407,0.219
43.25000004293251,11.650000100175877,2.525,0.243
43.25000004293251,11.75000009445154,2.523,0.22
43.25000004293251,11.850000088727205,2.572,0.121
43.25000004293251,11.95000008300287,2.637,0.121
43.25000004293251,12.050000077278533,2.678,0.12
43.25000004293251,12.150000071554198,2.636,0.127
43.25000004293251,12.250000065829862,2.631,0.083
43.25000004293251,12.350000060105527,2.596,0.039
43.25000004293251,12.450000054381192,2.582,0.038
43.25000004293251,12.550000048656855,2.655,0.035
43.25000004293251,12.65000004293252,2.643,0.043
43.25000004293251,12.750000037208183,2.66,0.03
43.25000004293251,12.85000003148385,2.672,0.054
43.25000004293251,12.950000025759516,2.601,0.05
43.25000004293251,13.050000020035178,2.517,0.018
43.25000004293251,13.150000014310844,2.429,0.017
43.25000004293251,13.250000008586508,2.391,0.018
43.25000004293251,13.350000002862172,2.342,0.034
43.25000004293251,13.449999997137835,2.291,0.022
43.25000004293251,13.5499999914135,2.257,0.04
43.25000004293251,13.649999985689163,2.306,0.042
43.25000004293251,13.74999997996483,2.369,0.056
43.25000004293251,13.849999974240497,2.357,0.087
43.25000004293251,13.94999996851616,2.08,0.065
43.25000004293251,14.049999962791825,1.934,0.047
43.25000004293251,14.14999995706749,1.83,0.081
43.25000004293251,14.249999951343153,1.789,0.101
43.25000004293251,14.349999945618816,1.754,0.129
43.25000004293251,14.449999939894482,1.68,0.127
43.25000004293251,14.549999934170144,1.666,0.111
43.25000004293251,14.649999928445812,1.662,0.107
43.25000004293251,14.749999922721477,1.676,0.12
43.25000004293251,14.84999991699714,1.665,0.128
43.25000004293251,14.949999911272805,1.644,0.169
43.35000003720818,10.050000191765244,2.255,0.088
43.35000003720818,10.150000186040907,2.329,0.076
43.35000003720818,10.250000180316572,2.412,0.078
43.35000003720818,10.350000174592235,2.212,0.054
43.35000003720818,10.450000168867902,2.446,0.044
43.35000003720818,10.550000163143563,2.407,0.085
43.35000003720818,10.65000015741923,2.385,0.113
43.35000003720818,10.750000151694897,2.423,0.154
43.35000003720818,10.85000014597056,2.409,0.154
43.35000003720818,10.950000140246225,2.424,0.173
43.35000003720818,11.050000134521888,2.412,0.258
43.35000003720818,11.150000128797553,2.386,0.185
43.35000003720818,11.250000123073216,2.42,0.188
43.35000003720818,11.350000117348882,2.402,0.198
43.35000003720818,11.450000111624547,2.432,0.199
43.35000003720818,11.55000010590021,2.472,0.148
43.35000003720818,11.650000100175877,2.549,0.178
43.35000003720818,11.75000009445154,2.576,0.184
43.35000003720818,11.850000088727205,2.622,0.141
43.35000003720818,11.95000008300287,2.749,0.152
43.35000003720818,12.050000077278533,2.712,0.133
43.35000003720818,12.150000071554198,2.634,0.08
43.35000003720818,12.250000065829862,2.588,0.054
43.35000003720818,12.350000060105527,2.569,0.046
43.35000003720818,12.450000054381192,2.597,0.036
43.35000003720818,12.550000048656855,2.633,0.047
43.35000003720818,12.65000004293252,2.637,0.033
43.35000003720818,12.750000037208183,2.622,0.039
43.35000003720818,12.85000003148385,2.591,0.045
43.35000003720818,12.950000025759516,2.484,0.009
43.35000003720818,13.050000020035178,2.426,0.005
43.35000003720818,13.150000014310844,2.343,0.009
43.35000003720818,13.250000008586508,2.32,0.012
43.35000003720818,13.350000002862172,2.304,0.024
43.35000003720818,13.449999997137835,2.36,0.029
43.35000003720818,13.5499999914135,2.328,0.04
43.35000003720818,13.649999985689163,2.4,0.058
43.35000003720818,13.74999997996483,2.442,0.081
43.35000003720818,13.849999974240497,2.228,0.08
43.35000003720818,13.94999996851616,2.101,0.043
43.35000003720818,14.049999962791825,2.01,0.061
43.35000003720818,14.14999995706749,1.908,0.081
43.35000003720818,14.249999951343153,1.852,0.112
43.35000003720818,14.349999945618816,1.779,0.123
43.35000003720818,14.449999939894482,1.7,0.135
43.35000003720818,14.549999934170144,1.674,0.17
43.35000003720818,14.649999928445812,1.731,0.183
43.35000003720818,14.749999922721477,1.7,0.156
43.35000003720818,14.84999991699714,1.748,0.194
43.35000003720818,14.949999911272805,1.744,0.187
43.450000031483846,10.050000191765244,2.285,0.149
43.450000031483846,10.150000186040907,2.432,0.138
43.450000031483846,10.250000180316572,2.573,0.159
43.450000031483846,10.350000174592235,2.515,0.086
43.450000031483846,10.450000168867902,2.527,0.104
43.450000031483846,10.550000163143563,2.502,0.128
43.450000031483846,10.65000015741923,2.495,0.083
43.450000031483846,10.750000151694897,2.478,0.118
43.450000031483846,10.85000014597056,2.395,0.142
43.450000031483846,10.950000140246225,2.41,0.098
43.450000031483846,11.050000134521888,2.379,0.156
43.450000031483846,11.150000128797553,2.337,0.126
43.450000031483846,11.250000123073216,2.374,0.182
43.450000031483846,11.350000117348882,2.474,0.17
43.450000031483846,11.450000111624547,2.491,0.148
43.450000031483846,11.55000010590021,2.534,0.136
43.450000031483846,11.650000100175877,2.588,0.193
43.450000031483846,11.75000009445154,2.601,0.113
43.450000031483846,11.850000088727205,2.657,0.151
43.450000031483846,11.95000008300287,2.738,0.157
43.450000031483846,12.050000077278533,2.703,0.155
43.450000031483846,12.150000071554198,2.61,0.105
43.450000031483846,12.250000065829862,2.547,0.051
43.450000031483846,12.350000060105527,2.55,0.035
43.450000031483846,12.450000054381192,2.601,0.051
43.450000031483846,12.550000048656855,2.606,0.08
43.450000031483846,12.65000004293252,2.598,0.043
43.450000031483846,12.750000037208183,2.556,0.038
43.450000031483846,12.85000003148385,2.536,0.035
43.450000031483846,12.950000025759516,2.51,0.013
43.450000031483846,13.050000020035178,2.393,0.006
43.450000031483846,13.150000014310844,2.373,0.008
43.450000031483846,13.250000008586508,2.379,0.017
43.450000031483846,13.350000002862172,2.379,0.045
43.450000031483846,13.449999997137835,2.448,0.058
43.450000031483846,13.5499999914135,2.462,0.059
43.450000031483846,13.649999985689163,2.516,0.091
43.450000031483846,13.74999997996483,2.457,0.1
43.450000031483846,13.849999974240497,2.208,0.089
43.450000031483846,13.94999996851616,2.111,0.077
43.450000031483846,14.049999962791825,2.061,0.106
43.450000031483846,14.14999995706749,1.975,0.138
43.450000031483846,14.249999951343153,1.881,0.169
43.450000031483846,14.349999945618816,1.826,0.188
43.450000031483846,14.449999939894482,1.743,0.174
43.450000031483846,14.549999934170144,1.724,0.176
43.450000031483846,14.649999928445812,1.736,0.183
43.450000031483846,14.749999922721477,1.757,0.244
43.450000031483846,14.84999991699714,1.782,0.241
43.450000031483846,14.949999911272805,1.805,0.239
43.55000002575951,10.050000191765244,2.316,0.126
43.55000002575951,10.150000186040907,2.372,0.134
43.55000002575951,10.250000180316572,2.314,0.109
43.55000002575951,10.350000174592235,2.551,0.166
43.55000002575951,10.450000168867902,2.555,0.152
43.55000002575951,10.550000163143563,2.536,0.214
43.55000002575951,10.65000015741923,2.508,0.115
43.55000002575951,10.750000151694897,2.482,0.135
43.55000002575951,10.85000014597056,2.395,0.096
43.55000002575951,10.950000140246225,2.396,0.08
43.55000002575951,11.050000134521888,2.371,0.083
43.55000002575951,11.150000128797553,2.412,0.125
43.55000002575951,11.250000123073216,2.45,0.088
43.55000002575951,11.350000117348882,2.534,0.097
43.55000002575951,11.450000111624547,2.564,0.096
43.55000002575951,11.55000010590021,2.583,0.08
43.55000002575951,11.650000100175877,2.622,0.157
43.55000002575951,11.75000009445154,2.558,0.149
43.55000002575951,11.850000088727205,2.597,0.128
43.55000002575951,11.95000008300287,2.583,0.106
43.55000002575951,12.050000077278533,2.668,0.141
43.55000002575951,12.150000071554198,2.605,0.1
43.55000002575951,12.250000065829862,2.581,0.062
43.55000002575951,12.350000060105527,2.566,0.056
43.55000002575951,12.450000054381192,2.642,0.058
43.55000002575951,12.550000048656855,2.608,0.027
43.55000002575951,12.65000004293252,2.499,0.029
43.55000002575951,12.750000037208183,2.462,0.033
43.55000002575951,12.85000003148385,2.434,0.05
43.55000002575951,12.950000025759516,2.336,0.033
43.55000002575951,13.050000020035178,2.329,0.015
43.55000002575951,13.150000014310844,2.349,0.024
43.55000002575951,13.250000008586508,2.378,0.021
43.55000002575951,13.350000002862172,2.47,0.05
43.55000002575951,13.449999997137835,2.577,0.094
43.55000002575951,13.5499999914135,2.672,0.113
43.55000002575951,13.649999985689163,2.71,0.134
43.55000002575951,13.74999997996483,2.513,0.138
43.55000002575951,13.849999974240497,2.277,0.127
43.55000002575951,13.94999996851616,2.157,0.147
43.55000002575951,14.049999962791825,2.116,0.139
43.55000002575951,14.14999995706749,2.02,0.199
43.55000002575951,14.249999951343153,1.936,0.233
43.55000002575951,14.349999945618816,1.866,0.194
43.55000002575951,14.449999939894482,1.799,0.184
43.55000002575951,14.549999934170144,1.74,0.173
43.55000002575951,14.649999928445812,1.692,0.161
43.55000002575951,14.749999922721477,1.745,0.177
43.55000002575951,14.84999991699714,1.774,0.213
43.55000002575951,14.949999911272805,1.837,0.198
43.65000002003517,10.050000191765244,2.467,0.116
43.65000002003517,10.150000186040907,2.48,0.124
43.65000002003517,10.250000180316572,2.524,0.112
43.65000002003517,10.350000174592235,2.518,0.15
43.65000002003517,10.450000168867902,2.552,0.15
43.65000002003517,10.550000163143563,2.563,0.23
43.65000002003517,10.65000015741923,2.504,0.232
43.65000002003517,10.750000151694897,2.424,0.177
43.65000002003517,10.85000014597056,2.34,0.138
43.65000002003517,10.950000140246225,2.28,0.087
43.65000002003517,11.050000134521888,2.298,0.106
43.65000002003517,11.150000128797553,2.358,0.134
43.65000002003517,11.250000123073216,2.384,0.116
43.65000002003517,11.350000117348882,2.412,0.088
43.65000002003517,11.450000111624547,2.502,0.082
43.65000002003517,11.55000010590021,2.579,0.126
43.65000002003517,11.650000100175877,2.662,0.147
43.65000002003517,11.75000009445154,2.692,0.147
43.65000002003517,11.850000088727205,2.686,0.093
43.65000002003517,11.95000008300287,2.666,0.121
43.65000002003517,12.050000077278533,2.613,0.095
43.65000002003517,12.150000071554198,2.644,0.067
43.65000002003517,12.250000065829862,2.628,0.095
43.65000002003517,12.350000060105527,2.66,0.078
43.65000002003517,12.450000054381192,2.548,0.084
43.65000002003517,12.550000048656855,2.532,0.045
43.65000002003517,12.65000004293252,2.43,0.032
43.65000002003517,12.750000037208183,2.356,0.026
43.65000002003517,12.85000003148385,2.3,0.047
43.65000002003517,12.950000025759516,2.307,0.043
43.65000002003517,13.050000020035178,2.351,0.031
43.65000002003517,13.150000014310844,2.427,0.028
43.65000002003517,13.250000008586508,2.503,0.032
43.65000002003517,13.350000002862172,2.61,0.081
43.65000002003517,13.449999997137835,2.67,0.094
43.65000002003517,13.5499999914135,2.536,0.111
43.65000002003517,13.649999985689163,2.555,0.153
43.65000002003517,13.74999997996483,2.409,0.185
43.65000002003517,13.849999974240497,2.289,0.168
43.65000002003517,13.94999996851616,2.167,0.191
43.65000002003517,14.049999962791825,2.165,0.213
43.65000002003517,14.14999995706749,2.097,0.262
43.65000002003517,14.249999951343153,1.983,0.288
43.65000002003517,14.349999945618816,1.891,0.277
43.65000002003517,14.449999939894482,1.823,0.242
43.65000002003517,14.549999934170144,1.814,0.258
43.65000002003517,14.649999928445812,1.802,0.254
43.65000002003517,14.749999922721477,1.851,0.278
43.65000002003517,14.84999991699714,1.842,0.261
43.65000002003517,14.949999911272805,1.824,0.208
43.75000001431084,10.050000191765244,2.438,0.148
43.75000001431084,10.150000186040907,2.361,0.202
43.75000001431084,10.250000180316572,2.495,0.154
43.75000001431084,10.350000174592235,2.512,0.21
43.75000001431084,10.450000168867902,2.535,0.253
43.75000001431084,10.550000163143563,2.473,0.235
43.75000001431084,10.65000015741923,2.468,0.203
43.75000001431084,10.750000151694897,2.398,0.155
43.75000001431084,10.85000014597056,2.341,0.135
43.75000001431084,10.950000140246225,2.274,0.121
43.75000001431084,11.050000134521888,2.323,0.136
43.75000001431084,11.150000128797553,2.405,0.191
43.75000001431084,11.250000123073216,2.409,0.216
43.75000001431084,11.350000117348882,2.424,0.187
43.75000001431084,11.450000111624547,2.429,0.13
43.75000001431084,11.55000010590021,2.631,0.177
43.75000001431084,11.650000100175877,2.723,0.211
43.75000001431084,11.75000009445154,2.736,0.2
43.75000001431084,11.850000088727205,2.695,0.152
43.75000001431084,11.95000008300287,2.671,0.142
43.75000001431084,12.050000077278533,2.621,0.169
43.75000001431084,12.150000071554198,2.597,0.096
43.75000001431084,12.250000065829862,2.619,0.128
43.75000001431084,12.350000060105527,2.584,0.098
43.75000001431084,12.450000054381192,2.453,0.081
43.75000001431084,12.550000048656855,2.447,0.07
43.75000001431084,12.65000004293252,2.388,0.026
43.75000001431084,12.750000037208183,2.322,0.019
43.75000001431084,12.85000003148385,2.301,0.043
43.75000001431084,12.950000025759516,2.348,0.039
43.75000001431084,13.050000020035178,2.442,0.021
43.75000001431084,13.150000014310844,2.536,0.023
43.75000001431084,13.250000008586508,2.569,0.035
43.75000001431084,13.350000002862172,2.488,0.065
43.75000001431084,13.449999997137835,2.509,0.053
43.75000001431084,13.5499999914135,2.417,0.076
43.75000001431084,13.649999985689163,2.395,0.128
43.75000001431084,13.74999997996483,2.383,0.183
43.75000001431084,13.849999974240497,2.193,0.197
43.75000001431084,13.94999996851616,2.109,0.182
43.75000001431084,14.049999962791825,2.032,0.213
43.75000001431084,14.14999995706749,2.021,0.209
43.75000001431084,14.249999951343153,1.989,0.273
43.75000001431084,14.349999945618816,1.907,0.301
43.75000001431084,14.449999939894482,1.883,0.277
43.75000001431084,14.549999934170144,1.841,0.275
43.75000001431084,14.649999928445812,1.844,0.257
43.75000001431084,14.749999922721477,1.846,0.231
43.75000001431084,14.84999991699714,1.868,0.193
43.75000001431084,14.949999911272805,1.897,0.163
43.850000008586505,10.050000191765244,2.447,0.191
43.850000008586505,10.150000186040907,2.473,0.164
43.850000008586505,10.250000180316572,2.517,0.209
43.850000008586505,10.350000174592235,2.532,0.269
43.850000008586505,10.450000168867902,2.494,0.245
43.850000008586505,10.550000163143563,2.48,0.241
43.850000008586505,10.65000015741923,2.449,0.167
43.850000008586505,10.750000151694897,2.365,0.122
43.850000008586505,10.85000014597056,2.325,0.104
43.850000008586505,10.950000140246225,2.275,0.115
43.850000008586505,11.050000134521888,2.266,0.171
43.850000008586505,11.150000128797553,2.325,0.188
43.850000008586505,11.250000123073216,2.387,0.199
43.850000008586505,11.350000117348882,2.42,0.199
43.850000008586505,11.450000111624547,2.409,0.165
43.850000008586505,11.55000010590021,2.483,0.203
43.850000008586505,11.650000100175877,2.596,0.262
43.850000008586505,11.75000009445154,2.605,0.293
43.850000008586505,11.850000088727205,2.615,0.31
43.850000008586505,11.95000008300287,2.617,0.251
43.850000008586505,12.050000077278533,2.557,0.181
43.850000008586505,12.150000071554198,2.533,0.174
43.850000008586505,12.250000065829862,2.509,0.181
43.850000008586505,12.350000060105527,2.462,0.139
43.850000008586505,12.450000054381192,2.34,0.107
43.850000008586505,12.550000048656855,2.346,0.076
43.850000008586505,12.65000004293252,2.347,0.05
43.850000008586505,12.750000037208183,2.36,0.046
43.850000008586505,12.85000003148385,2.414,0.058
43.850000008586505,12.950000025759516,2.46,0.06
43.850000008586505,13.050000020035178,2.502,0.055
43.850000008586505,13.150000014310844,2.387,0.037
43.850000008586505,13.250000008586508,2.368,0.032
43.850000008586505,13.350000002862172,2.298,0.057
43.850000008586505,13.449999997137835,2.351,0.056
43.850000008586505,13.5499999914135,2.273,0.127
43.850000008586505,13.649999985689163,2.247,0.141
43.850000008586505,13.74999997996483,2.167,0.167
43.850000008586505,13.849999974240497,2.062,0.154
43.850000008586505,13.94999996851616,2.004,0.165
43.850000008586505,14.049999962791825,2.009,0.158
43.850000008586505,14.14999995706749,1.964,0.152
43.850000008586505,14.249999951343153,1.964,0.184
43.850000008586505,14.349999945618816,1.924,0.224
43.850000008586505,14.449999939894482,1.893,0.226
43.850000008586505,14.549999934170144,1.903,0.243
43.850000008586505,14.649999928445812,1.914,0.222
43.850000008586505,14.749999922721477,1.984,0.241
43.850000008586505,14.84999991699714,1.986,0.192
43.850000008586505,14.949999911272805,2.07,0.204
43.95000000286217,10.050000191765244,2.543,0.194
43.95000000286217,10.150000186040907,2.532,0.214
43.95000000286217,10.250000180316572,2.585,0.253
43.95000000286217,10.350000174592235,2.56,0.294
43.95000000286217,10.450000168867902,2.537,0.228
43.95000000286217,10.550000163143563,2.525,0.194
43.95000000286217,10.65000015741923,2.482,0.183
43.95000000286217,10.750000151694897,2.438,0.162
43.95000000286217,10.85000014597056,2.425,0.191
43.95000000286217,10.950000140246225,2.359,0.121
43.95000000286217,11.050000134521888,2.335,0.131
43.95000000286217,11.150000128797553,2.355,0.147
43.95000000286217,11.250000123073216,2.459,0.188
43.95000000286217,11.350000117348882,2.463,0.261
43.95000000286217,11.450000111624547,2.495,0.246
43.95000000286217,11.55000010590021,2.541,0.227
43.95000000286217,11.650000100175877,2.542,0.3
43.95000000286217,11.75000009445154,2.539,0.29
43.95000000286217,11.850000088727205,2.503,0.245
43.95000000286217,11.95000008300287,2.551,0.294
43.95000000286217,12.050000077278533,2.463,0.354
43.95000000286217,12.150000071554198,2.374,0.309
43.95000000286217,12.250000065829862,2.321,0.252
43.95000000286217,12.350000060105527,2.316,0.176
43.95000000286217,12.450000054381192,2.274,0.178
43.95000000286217,12.550000048656855,2.34,0.157
43.95000000286217,12.65000004293252,2.417,0.091
43.95000000286217,12.750000037208183,2.491,0.094
43.95000000286217,12.85000003148385,2.49,0.092
43.95000000286217,12.950000025759516,2.517,0.089
43.95000000286217,13.050000020035178,2.3,0.074
43.95000000286217,13.150000014310844,2.303,0.115
43.95000000286217,13.250000008586508,2.23,0.086
43.95000000286217,13.350000002862172,2.202,0.078
43.95000000286217,13.449999997137835,2.244,0.101
43.95000000286217,13.5499999914135,2.194,0.145
43.95000000286217,13.649999985689163,2.175,0.122
43.95000000286217,13.74999997996483,2.088,0.13
43.95000000286217,13.849999974240497,2.051,0.142
43.95000000286217,13.94999996851616,2.028,0.125
43.95000000286217,14.049999962791825,1.983,0.138
43.95000000286217,14.14999995706749,1.956,0.143
43.95000000286217,14.249999951343153,1.968,0.171
43.95000000286217,14.349999945618816,1.941,0.221
43.95000000286217,14.449999939894482,1.943,0.23
43.95000000286217,14.549999934170144,1.915,0.215
43.95000000286217,14.649999928445812,1.969,0.226
43.95000000286217,14.749999922721477,2.039,0.249
43.95000000286217,14.84999991699714,2.14,0.17
43.95000000286217,14.949999911272805,2.234,0.156
